illustration_aspect,1.0
analytics_decision_optimization,1.0
repeat_visits_likelihood_purchase_customers_padmanabhan_al_note_definition_prediction,1.0
compeau_dr_meister_db_higgins_prediction_explanation,1.0
data_gap_points,1.0
classification_regression_trees_cart,1.0
advances_computer_hardware,1.0
correlations_survey_answers_bi,1.0
data_mining_inference_prediction_springer_edition_hauser_jr,1.0
process_customer_acquisition,1.0
effort_model,1.0
language_tools,1.0
fashion_population_consideration_overrides,1.0
instrumentalism_parsimony_akaike_framework_philosophy_science_ss,1.0
basis_function_rbf_function,1.0
customers_prospects_groups,1.0
analytics_resolve,1.0
movie_ratings_dellarocas_al,1.0
association_considerations_bi_bi,1.0
power_assessment_metrics_contrast,1.0
forecasts_riskaoa_standalone,1.0
fit_future_data_stone_copas_hastie_al,1.0
equation_models,1.0
power_authors,1.0
tools_findings,1.0
combination_versions_marketing_material_communication_channels_timing_target_underwriting,1.0
study_fits_examples_study_ko_oseibryson,1.0
misq_isr,1.0
models_areas_marketing,1.0
node_observation,1.0
conditions_optimization_finding_minimum_maximum_function_subject_constraints,1.0
analytics_logistics,1.0
statistics_complex,1.0
measure_literature_survey_table_textbooks_mendenhall_sinich_model,1.0
data_modeling_prediction_variables,1.0
level_test,1.0
george_box_gm_jenkins_combines_ar_ma_models,1.0
class_purpose,1.0
model_testing,1.0
performance_unit_sample_attributes_features_unit_objective_model,1.0
study_report_literature_padmanabhan_al_note_structure_placement,1.0
pu_model_pu_examples,1.0
number_guests,1.0
history_data_mining,1.0
user_satisfaction_uis_measures_role,1.0
costs_prediction_errors_costs,1.0
relevance_authors_model,1.0
trust_tam_effects_practice,1.0
score_probability,1.0
analytics_focus_lies,1.0
analytics_play_role_theory_theory_testing_relevance_assessment_component,1.0
analysis_generalization,1.0
metrics_outofsample_error_rate_statistics_press_rmse_mape_crossvalidation_summaries,1.0
environment_factors_infrastructure,1.0
asset_industries_core_element_companies_efforts,1.0
exploratory_visualization,1.0
dummy_variables,1.0
data_gks_report,1.0
reserve_board,1.0
analytics_theory_theory_testing_relevance_assessment,1.0
power_evaluation,1.0
analytics_concerns,1.0
data_split_tree,1.0
science_philosophy_science_ss_friedman_dj_montgomery_dc_evaluation,1.0
assessment_test_generalizability_model_populations,1.0
modeling_processes_data_collection_study_design,1.0
average_models_hand,1.0
unfamiliarity_technology_investigation_turn_increases_likelihood_nonadoption_methods,1.0
pricer_retalon,1.0
outcome_note_accuracy_usability,1.0
operationalization_constructs_trust_pu_peou,1.0
shoppers_shoppers_population,1.0
asset_portfolios_ensembles_reduction_portfolio_risk,1.0
model_bias_address_measurement_precision_sampling_variance_instance,1.0
outliers_evidence_model_fit_years_series_models,1.0
predictors_candidates_dimension_reduction_dimension_reduction_pca_compression_method,1.0
cases_machine,1.0
order_button,1.0
analytics_salford_analytics_oracle_data_mining_odm,1.0
goodnessoffit_classification_model_percentage,1.0
data_methods_classification_trees,1.0
upsell_cross_sell_software_tools_rapidminer_marketo_preact_google_prediction,1.0
habits_order,1.0
konishi_kitagawa_berk,1.0
data_breiman,1.0
complexity_contribution,1.0
products_demand_potential_demand,1.0
series_analysis,1.0
analytics_chain,1.0
development_discussion_note,1.0
kaplan_dubin_prediction_core,1.0
form_variables_treatment,1.0
level_reliability,1.0
networks_internet_indexing_records,1.0
inference_test,1.0
amounts_testing_coefficient_model,1.0
disciplines_topics_table,1.0
prediction_predictor,1.0
power_lies_data_assessment,1.0
outcome_set_observations,1.0
model_systems_marcolin_bl_compeau_dr_munro_mc,1.0
cover_risk_auto_insurance_providers,1.0
discrepancy_insample_error_hastie_al,1.0
scores_probabilities,1.0
power_model_proportion_total_variation,1.0
analytics_leo_breimans,1.0
future_risk_behavior_customer_level_data,1.0
insights_analytics_articles,1.0
newfuture_observations_scenarios_methods,1.0
dataset_data,1.0
instance_customization_store,1.0
risk_management_techniques,1.0
forecasting_techniques,1.0
vaughan_berry,1.0
analytics_process,1.0
considerations_constructs,1.0
gg_hierarchy_principle,1.0
factors_distance_measure,1.0
capture_complex,1.0
storelevel_demand_inventory_management_purposes,1.0
quantity_data_data,1.0
heteroskedasticity_models,1.0
idea_ensembles,1.0
numbers_individuals_marketing_credit_risk_assessment_fraud_detection,1.0
amounts_lot_collection_resources,1.0
applicability_offline_auctions,1.0
attitudes_security_privacy_malhotra_al,1.0
steps_considerations,1.0
minidelphi_techniques,1.0
error_network_output_values,1.0
issue_gks,1.0
future_behavior_individuals_order_drive_decisions_future,1.0
kaplan_remains,1.0
priority_mediation_analysis_considerations_endogeneity_model_identifiability,1.0
sample_performance_knn_algorithm,1.0
analytics_breadth,1.0
model_selection,1.0
gl_liberali_braun_website,1.0
model_holdout_set,1.0
borrowers_potential_ability_pay,1.0
predictability_level,1.0
outofsample_prediction_accuracy_measures,1.0
output_layer,1.0
modeling_springer_li_hitt_lm_selfselection_role_reviews_systems_lin_lucas_hj_shmueli,1.0
data_preparation_source,1.0
theory_strategies,1.0
training_sample_units_samples_attributes,1.0
datasets_variety_data_structures_datadriven,1.0
mechanism_prediction_suitability_retrospective_questionnaire,1.0
modeling_cultures,1.0
regression_splines_machine,1.0
leadspace_mintigo_salesfusion_versium,1.0
editorial_assistance_references,1.0
security_risk_factors_period,1.0
testing_mosteller_tukey_collopy_al_period_total_articles,1.0
data_influences,1.0
analytics_closeness,1.0
model_finding,1.0
appendix_shmueli,1.0
science_hastie_tibshirani_friedman_jh_elements,1.0
perspective_definition,1.0
accuracy_statisticians,1.0
processing_language_joshi_bioinformatics,1.0
regression_estimators_forecasting_friedman_jh_bias_variance_loss_curseofdimensionality_data_mining_knowledge_discovery_friedman_jh_comment_classifier_technology_illusion_progress,1.0
models_ability,1.0
filter_order_statements_likelihood_event_occurrence_emergence_tools,1.0
upsell_cross_sell_software_tools,1.0
equations_model_array_methods,1.0
points_distinction,1.0
summaries_constructs,1.0
data_methods,1.0
var_models_survival_duration_analysis_survival_analysis_event_analysis_techniques,1.0
edition_york_aldine_publishing_grandon_ee_pearson_jm,1.0
nar_judgment_models,1.0
weights_network_backpropagation,1.0
science_breiman,1.0
investments_hospital_productivity_authors,1.0
variables_values,1.0
choice_models,1.0
shoppers_responders,1.0
analytics_programs_data_science,1.0
customer_loyalty_role,1.0
claims_summary_literature,1.0
total_papers_article,1.0
analytics_forecasting_prices,1.0
terms_translation_knowledge,1.0
nature_relationship_inputs_output_key_feature,1.0
analytics_software_packages_rexer_analytics_survey_ibm_spss_modeler_sas_enterprise_miner_dell_statistica_pmml_attempt,1.0
probit_model,1.0
ambiguity_approach,1.0
business_logistics,1.0
overfits_model_prunes,1.0
series_maximum_likelihood_estimation_procedures,1.0
hazard_model,1.0
training_set_fit,1.0
models_explanation_context,1.0
model_terms_bias_methods_crossvalidation_crossvalidation_model,1.0
science_marketing,1.0
selfjustification_prospect_theories,1.0
analytics_branch_data_mining,1.0
holdout_datasets,1.0
outcome_classification,1.0
analytics_systems_literature,1.0
predictors_availability_prediction_exante_availability_measurement_quality_choice_potential_predictors,1.0
modeling_focus,1.0
series_data_methodology,1.0
power_table_appendix_lists,1.0
modeling_machine,1.0
chances_illness_default_bankruptcy,1.0
power_model,1.0
models_rankorder_customers_likelihood_action,1.0
demand_manufacturers,1.0
models_sense,1.0
power_measures_strength_relationship,1.0
trends_behavior_patterns,1.0
accuracy_copas_berk_note,1.0
area_role,1.0
analytics_theory_link_literature_step,1.0
data_dimension_number_predictors_model_selection,1.0
crm_objectives_marketing_campaigns_sales_customer,1.0
ability_gain,1.0
purchases_data_preparation,1.0
assumptions_distribution_modeling_sample,1.0
analytics_focus_predictors_methods,1.0
travel_agents,1.0
variables_predictors_choice_variables,1.0
infiniteinsight_fico,1.0
point_care_collection_analytics,1.0
octave_data_science_studio_dss_ho_lavastorm_public_edition_tanagra_predictionio_hp,1.0
analytics_customer_relationship_management_crm,1.0
variables_focus,1.0
analytics_branch,1.0
models_model,1.0
differences_indication_predictability,1.0
wang_al,1.0
error_rate,1.0
rbf_networks_advantage,1.0
models_user_satisfaction_measurement_systems_shapire_introduction,1.0
inventory_theorems,1.0
gregor_martin_ma_goode_rolfe_classification_tree_analysis_broadband_adoption,1.0
version_gks,1.0
firms_sizes_industries_examples_victims_credit_card_issuers_insurance_companies,1.0
visualization_plots_data_reduction_pca_data_reduction_data_reduction_pca_appliedmethod,1.0
suspects_crime,1.0
decision_logic_set_business_rules,1.0
cross_sales,1.0
lattice_engines,1.0
processes_pertain,1.0
predictions_methods,1.0
outliers_visualization,1.0
data_data,1.0
mahout_liblinear_vowpal_wabbit_numpy_scipy_key_players_freeware,1.0
questions_features,1.0
analytics_obtrusiveness,1.0
relation_training_sample_units_training_sample,1.0
limit_researchers_ability_range,1.0
significance_coefficient_model,1.0
models_summary_gefen_al,1.0
instance_theory_generation_development_theory_hand_hand_development_measures_van_maanen_al_compeau_al,1.0
limit_number_basis_functions_machine,1.0
data_core,1.0
analytics_data_dimension,1.0
set_rules,1.0
variables_choices,1.0
tests_measures_strength_relationship_examples,1.0
insidesales_lead_liaison_salespredict_custora_televerde_futurelytics_fiserv,1.0
events_business,1.0
analytics_businesses,1.0
accuracy_models,1.0
regression_models_testing_factors_project_escalation_model_constructs_theories_selfjustification_theory_prospect_theory_agency_theory_approach_avoidance_theory_models,1.0
observations_variables_predictors_correlate_variables_operationalization_bi_questions_demographics_pu_peou_demographics_instrument_questionnaire_bi_questions_instrument_questionnaire,1.0
pu_construct_pu,1.0
july_sethi_king_rc_nar,1.0
model_deployment,1.0
explanation_prediction_context,1.0
projects_models,1.0
data_series_data,1.0
models_armstrong_addition_treatment_overfitting,1.0
analytics_predictor,1.0
data_customer_records_sale_transactions,1.0
questionnaire_questionnaire,1.0
modeling_ability,1.0
platforms_order,1.0
pricing_decisions,1.0
selection_ensemble_methods,1.0
crossvalidation_techniques_exploratory_data_analysis_eda_eda,1.0
law_enforcement,1.0
construct_sample_size,1.0
analytics_proprietary_software_solutions,1.0
model_exhibit_level,1.0
regression_probit_regression_logit,1.0
misq_systems_isr_terms,1.0
predictions_contrast,1.0
customers_decision,1.0
lift_exhibit,1.0
form_dependencies,1.0
majority_papers_total_number,1.0
chorus_knime_actian_analytics_platform_portrait_predixion_data_science_studio_ho_analytics_solver_statistica_viscovery_data_mining_suite_lavastorm_analytics_engine,1.0
increase_customer_retention_rates_increase_profits_businesses,1.0
predictions_wu_al_instance_montgomery_al,1.0
purposes_calls,1.0
logit_model,1.0
analysis_process,1.0
data_fit_model_estimate,1.0
constraints_influences,1.0
forms_instance,1.0
basis_functions,1.0
error_rate_evaluation_potential_crossgeneralizability,1.0
power_remainder_paper_focus_distinction,1.0
article_decision_tree,1.0
probability_rule,1.0
number_observations_level_granularity_clicks_bids_seconds_level_data_complex_relationships_patterns,1.0
performance_measures_error_rates_classification_matrices_plots_roc_curves_lift_charts,1.0
analysis_health_care,1.0
suite_tibco_analytics_alteryx_analytics,1.0
model_keil_al_study,1.0
literature_study,1.0
ebscos_business_source_premier,1.0
fraud_attempts_portfolio_economylevel_prediction_focus_analysis_portfolio_firm_industry_economy_retailer,1.0
analytics_complement,1.0
model_point,1.0
testing_hypotheses,1.0
relationships_inputs_bi,1.0
explanation_prediction_thought,1.0
taxonomy_theory_types_explanation_prediction_explanation_prediction,1.0
data_labs,1.0
processes_data_miningsearch_patterns_relationships,1.0
bigml_microsoft_azure_machine,1.0
response_data_machine,1.0
values_model,1.0
analytics_insurance_banking_marketing,1.0
dummy_variables_missingness_algorithms_classification_regression_trees_imputation_note_treatment,1.0
models_forecasting,1.0
prediction_accuracy_data,1.0
data_hunch_assumptions,1.0
price_dynamics_price_velocity_price_acceleration_patterns_auction_prediction,1.0
expert_practitioner_difference_tools_level_customization,1.0
data_availability_measurement_precision_constraints,1.0
analysis_methods,1.0
claims_data_lab_pharmacy_records,1.0
visualization_exploration,1.0
premium_charge_cover_automobile_driver,1.0
prediction_model,1.0
model_markup_language_pmml,1.0
demonstration_theory,1.0
methods_estimate_future_behavior_flow_storage_inventory_costs_levels_scm,1.0
power_table_summary_literature_breakdown,1.0
finding_level_model_complexity_balances_bias_variance_order,1.0
forecasting_future_behavior_variables_models_account_fact_data_points,1.0
model_algorithm,1.0
analytics_sas_sas_enterprise_miner_stata_statgraphics_statistica_teleretail_tibco_software_packages,1.0
management_technology_modeling_business_process_predictions_future_patterns,1.0
businesses_focus_efforts,1.0
data_data_analysis,1.0
accuracy_outofsample_predictions_roles,1.0
correlation_table_bi_predictors,1.0
model_identification_estimation_validation_identification_stage,1.0
analytics_software,1.0
study_padmanabhan_al,1.0
regression_splines_mars,1.0
outcome_bankruptcy_status_proportion_proportion_population_debt_levels_series_models_series_models,1.0
combination_theory_domain_knowledge,1.0
model_predictor_variables_prediction,1.0
analytics_ibm,1.0
diffusion_models,1.0
predictions_discussion_royal,1.0
models_nave_prediction,1.0
measure_average_cost,1.0
bi_reality_customer_bi,1.0
heuristics_order_study,1.0
enrollee_future,1.0
regression_probit_models,1.0
shape_hazard_function_distribution_hazard_function_slopes,1.0
power_dawes_forster,1.0
training_data,1.0
supply_chain_design_competitiveness,1.0
context_tam_model_davis,1.0
theories_models,1.0
power_dominance,1.0
validation_stage,1.0
expense_measurement_precision,1.0
analytics_subset_data_science_recognition_uniqueness,1.0
levels_predictability,1.0
firms_systems_wu_harris_tj_mcauley_kb,1.0
auction_closes_prediction_accuracy,1.0
disciplines_researchers_avenues_realm,1.0
majority_data,1.0
hits_hits,1.0
accuracy_consideration,1.0
modeling_discussion_examples_summary_functions,1.0
prediction_accuracy_wu_al,1.0
feature_selectionimportance_methods,1.0
models_shrinkage_methods,1.0
nature_survey_selfselection,1.0
data_insights,1.0
tree_combines,1.0
contribution_findings,1.0
sample_machine,1.0
authors_attribution_outof_sample_unit,1.0
analytics_support,1.0
crossvalidation_place_holdout_set,1.0
considerations_model_specification_instance_purposes_prediction_multicollinearity,1.0
modeling_eda,1.0
nearzero_breakdown,1.0
measures_rmse_mape_press_accuracy_measures,1.0
analytics_contexts,1.0
models_ko_oseibrysons_study,1.0
power_performance_data,1.0
operations_criteria_steps_figure,1.0
path_model_predictors_method_overfitting_analysis_discussion_essay,1.0
analytics_orange_rapidminer_weka_graphlab,1.0
customer_relationships_customer_retention_number,1.0
quotes_literature_article_quote_rai_patnayakuni_seth_firm_indicator,1.0
ease_consumers_purchase_intentions,1.0
selection_algorithms_stepwisetype_algorithms,1.0
models_constructs,1.0
theory_role,1.0
studies_broadband_adoption_basis,1.0
mainstream_literature,1.0
text_sentiment_model_process,1.0
decision_support_systems,1.0
variables_trends_relationships,1.0
analytics_programs_business_analytics_programs_list,1.0
collection_activities_customers,1.0
sep_tam,1.0
data_center_notes,1.0
capture_complex_relationships_data,1.0
studies_springer_edition_saartsechansky_provost,1.0
regression_splines_model,1.0
quotes_articles_measures,1.0
customers_cycle_acquisition_relationship_growth_retention,1.0
ko_oseibryson,1.0
systems_knowledge_experience_order_factor_dec_knowledge,1.0
supply_chain_decision,1.0
detective_zementis_predixion_datumbox_machine,1.0
visualization_fayyad_al,1.0
ho_yottamine_lattice_insideview_agilone_futurelytics,1.0
techniques_machine,1.0
prediction_relation_predictors,1.0
duration_dependence,1.0
assessment_decision_dynamics_auctions_psychology_armstrong_js_principles_forecasting_handbook_researchers_practitioners_springer_bapna_jank_shmueli_price_formation_dynamics_auctions_decision_support_systems_bajari_hortacsu,1.0
heteroskedasticity_models_arch,1.0
values_missingness,1.0
attempt_model,1.0
predixion_software_rapidminer_rcase_revolution_analytics,1.0
analytics_area,1.0
concept_price_dynamics_role_auctions_study,1.0
predictors_machine,1.0
component_series_modeling,1.0
relationships_trust_tam,1.0
data_mining_fields_unfamiliarity_researchers,1.0
pricing_pros_pricing_analytics_zilliant_marginmax_model_ecopa_prezzu,1.0
auction_theory_address_bajari_hortacsu_bapna_al_pinker_al_types_datasets_today,1.0
risk_assessment_yield,1.0
analytics_tools,1.0
model_dataset_validation_set_model_tuning_model_selection_hastie_al_dataset,1.0
bi_reason_cost_structure_effort_evendor,1.0
commerce_adoption,1.0
approach_jank_shmueli_chapter,1.0
models_konishi_kitagawa_note_difference_point,1.0
insample_strengthoffit_measures,1.0
significance_models_coefficients,1.0
place_net_benefit,1.0
forecasting_auction_prices_dynamics,1.0
models_overview_steps_considerations_process,1.0
measure_fit,1.0
psychologyneuroscience_medicine_engineering_physics,1.0
predictor_addition,1.0
tool_examples_approaches,1.0
significance_performance_training_holdout_data_test,1.0
analytics_role,1.0
ec_twostage_model,1.0
fraud_franchisee_sales_reports,1.0
model_costs_estimates_escalation_nonescalation,1.0
neighbour_algorithm_knn,1.0
factors_optimizationminimization_maximizationassessment_quality,1.0
representative_population_survival_analysis,1.0
regression_wald_likelihoodratio_test_test,1.0
modeling_rarity,1.0
structure_autocorrelation_trend,1.0
complex_patterns_data_clustering,1.0
transactions_offline_identity_thefts_insurance_claims_problems,1.0
size_expense_number_groups_sample,1.0
validation_technology_acceptance_instrument,1.0
accuracy_construct_considerations,1.0
assumptions_theorems_proofsmethods,1.0
regression_model,1.0
gradient_fall,1.0
model_models,1.0
joint_conference,1.0
node_process,1.0
remainder_paper_terms_models_modeling_prediction_sense,1.0
retention_alternative,1.0
networks_knearestneighbors,1.0
hazard_process_memory,1.0
iid_distribution_sample,1.0
interfaces_andor_builds,1.0
distribution_probit_model,1.0
issues_sections_shmueli,1.0
companies_offer,1.0
models_future_options,1.0
level_reason_level_types,1.0
network_training_techniques_backpropagation,1.0
analytics_attempts,1.0
mechanisms_turn,1.0
accuracy_tam_models,1.0
regression_modeling,1.0
variables_correlations_questions_gender_age_correlation_table_bi,1.0
collection_agencies_contact_strategies,1.0
classification_regression_trees,1.0
paper_rhs_robert_smith_school_business_maryland_rja_rubin_db,1.0
nonescalation_finding,1.0
biogeochemical_genomics,1.0
contribution_terms_roles,1.0
swan_penguin_books_van_maanen_sorensen_jb_mitchell_tr_interplay_theory_method_academy_management_vaughn_berry_ke,1.0
model_validation_evaluation_support,1.0
model_prediction_purposes,1.0
performance_fact_case,1.0
performance_mistake,1.0
measure_development,1.0
petter_straub_rai_formative_constructs_systems,1.0
increases_customer_retention_increase_profits,1.0
modeling_dimension_reduction,1.0
sample_sizes,1.0
customer_healthcare_patient_sku_vehicle_component_machine,1.0
classification_problems_number_types_svm,1.0
regression_coefficients_figure_differentiation_plantlevel_outcomes,1.0
philosophy_science_hoeffler,1.0
model_performance,1.0
regression_spline_approach,1.0
modeling_term,1.0
algorithms_streaming_data_today,1.0
patterns_behaviors,1.0
choice_nonlinearity,1.0
models_investment_uniform_rate_contingent_amounts,1.0
number_survey_questions_criteria,1.0
problems_prediction_classification_control_spectrum_fields_finance,1.0
analytics_heart,1.0
basis_functions_pairs,1.0
paper_purdue_ssrn_wu_cook_vj_jr,1.0
assumptions_hypotheses_test_standard,1.0
predictors_reason,1.0
risk_set_conditions,1.0
ground_analytics,1.0
analytics_software_sas,1.0
bi_purpose,1.0
probit_probit_model,1.0
study_trust_tam_shopping,1.0
variables_models_optimization,1.0
experiments_quality_reliability_engineering,1.0
solution_multi_model_evaluation_deployment,1.0
datadriven_nature,1.0
charts_graphs_scores_likelihood_outcomes,1.0
systems_equations_var_vector_autoregression,1.0
diffusion_nondiffusion_ecommerce_smes_grandon_pearson,1.0
future_events_discussion_methods,1.0
models_decision_forecast_decision_order,1.0
neighbours_decision_rule,1.0
solution_ability,1.0
hold_techniques,1.0
knots_basis_functions_set_functions,1.0
situation_questionnaire,1.0
model_function_prediction_accuracy_costs_prediction_error,1.0
procedure_splitting_stops_cart,1.0
classification_tool,1.0
issue_prediction_context_addition,1.0
variables_instruments_study,1.0
predictivevalidity_case_informationsystems_spending_forecasts_davis_fd,1.0
steps_step,1.0
models_forecasting_spending,1.0
customer_relationship_management,1.0
surveillance_complex_data,1.0
predictors_item_characteristics_auction_properties_concept_price_dynamics,1.0
relationship_inputs_output_training_types_training,1.0
products_fraud_detection,1.0
data_analysis_business,1.0
leeuw_prediction,1.0
performance_model,1.0
classification_techniques,1.0
training_examples,1.0
risks_opportunities_future,1.0
variables_outcomes,1.0
risk_management,1.0
survey_questions_ability,1.0
return_capital_asset_pricing_model,1.0
ja_predictability_prediction_royal,1.0
simonoff_js_investigation,1.0
relationships_customers_products,1.0
price_predictions_range_items_auctions_formats_marketplaces_models,1.0
pinker_seidmann_vakrat_design_auctions_business_issues_management_science_rosenbaum_pr,1.0
modeling_shrinkage_methods_methods_ridge_regression_principal_components_regression_hastie_al_chapter_sacrifice_bias_reduction_sampling_variance,1.0
outcome_outcome,1.0
models_step_analysis_variables_model,1.0
prediction_accuracy_ensembles,1.0
actions_data,1.0
tools_marketplace_execution,1.0
model_survey_prediction_questions_measurement_scales_prediction_data,1.0
action_customer_circumstance,1.0
rank_set_customers,1.0
scale_point_likert_scale_questions,1.0
effort_capture_sources_relationships_justification,1.0
series_feature_vector_space,1.0
status_income_sales,1.0
gurbaxani_mendelson_modeling_forecasting_case_systems_spending_systems_hand_dj_classifier_technology_illusion_progress,1.0
philosophy_science_forster,1.0
marketing_budget_risk_credit_scores,1.0
point_care,1.0
parameters_model,1.0
gattiker_tf_goodhue_dl_coordination_benefits,1.0
dubin_theory_context_gregor,1.0
accuracy_study_project_escalation_keil_al,1.0
variables_output_hoda,1.0
glaser_strausss_argument_context,1.0
prediction_future_probabilities_trends,1.0
carlo_techniques,1.0
media_sensor_data,1.0
unemployment_rate_types_problems,1.0
quality_predictions_practice,1.0
construct_forand_variables,1.0
explanation_measurement_precision_boost,1.0
analytics_engine,1.0
iiiiv_mendenhall_sinich_business_statistics_regression_analysis_dellen_publishing_edition_montgomery_dc_myers_rh_carter_wh,1.0
models_lens,1.0
knime_scikitlearn_actian_analytics_platform,1.0
basis_explanation,1.0
validity_concepts_gks_remark_tam_construct_pu_remains_predictor,1.0
marketing_science_hitchcock,1.0
finding_determinants_auction_prices,1.0
data_mining_text_mining_algorithms,1.0
variety_fields,1.0
allocation_collection_resources,1.0
training_net_training_set,1.0
merchants_manufacturers_businesstobusiness_suppliers_providers,1.0
choice_methods_evaluation_validation_model_selection,1.0
causality_rosenbaum_data_collection_instrument_focus_measurement_quality_relation_data_prediction,1.0
principle_occurrences_events,1.0
customer_interactions_data_analysis_data_analysis_process,1.0
gks_data_training_set,1.0
analytics_capture_complex,1.0
stock_nonit_labor_nonit_capital,1.0
communication_concept_reading_table_definitions_mind,1.0
study_tam,1.0
key_differences,1.0
customer_data,1.0
percentage_error_press,1.0
forests_breiman,1.0
data_sets_data_collection_data_mining,1.0
analysis_thought_generalization_fishers,1.0
predixion_knime_bluenose_actian_relateiq_zilliant_salespredict,1.0
process_reports_output,1.0
model_objective,1.0
descriptions_relationships_patternsgibbs_posterior,1.0
literature_crossvalidation_shrinkage_overfitting,1.0
solutionsuse_polyhedral_functions,1.0
risk_score_location,1.0
shift_market_business_users,1.0
models_prediction,1.0
method_outofsample_data,1.0
models_aim,1.0
data_contrast,1.0
study_machine,1.0
collection_rules,1.0
intention_bi_authors,1.0
model_clickstream_data_average,1.0
consumers_business_users_tools_vendors,1.0
behaviour_reactions_stimuli_scenarios_sample_units_attributes_performances,1.0
average_model_cornerstone,1.0
power_risk_management,1.0
models_pmml,1.0
child_node,1.0
models_accuracy_level,1.0
marketing_marketing_products_challenge,1.0
data_examples_age_gender,1.0
standard_language,1.0
meteorology_security_genetics_economics_marketing,1.0
average_forecasters_wavelets_flexibility_methods,1.0
completion_construct,1.0
travel_healthcare_pharmaceuticals_oil_gas_industries,1.0
peoples_environments_change_weather_relationship_mother_change_variables,1.0
exposition_differences,1.0
analytics_theory_testing,1.0
ratings_revenue_forecasting_case_motion_pictures,1.0
analytics_lead,1.0
sampling_variance_cost,1.0
hypotheses_trust_assessment_purchase_intentions_gks_study,1.0
intelligence_shmueli,1.0
criteria_articles,1.0
hypotheses_associationtype,1.0
tam_studies,1.0
power_measures_pvalues_criteria_testing,1.0
retention_strategy,1.0
risks_opportunities_models_capture_relationships_factors_assessment_risk_potential_set_conditions,1.0
context_prediction_terms,1.0
power_intention_increases,1.0
sigmoid_nave_bayes_nave_bayes,1.0
philosophy_science_literature_debate_difference,1.0
collection_analytics_portfolios_set,1.0
data_modeling_prediction_context,1.0
model_predictions_ensemble_methods,1.0
models_model_hazard_rate,1.0
power_guidelines_minimum_sample_size,1.0
factors_selfjustification_prospect_theories,1.0
data_analysis_business_segmentation_decision,1.0
highrisk_fraud_candidates_business_public_sector_mark_nigrini,1.0
data_study_collopy_al,1.0
relationships_variables_cases,1.0
buyers_likelihood_default_purchases_cars_homes_insurance_credit_scores_numbers,1.0
strength_association,1.0
products_customers,1.0
projects_values,1.0
models_lack,1.0
variables_modeling_data_set_rules,1.0
breadth_customer_base,1.0
linkage_theory_guides,1.0
role_trust_assessment,1.0
modeling_process,1.0
model_gefen_al_misq,1.0
theories_trust_study_role_trust,1.0
future_convergence,1.0
approaches_yields,1.0
relateiq_lumiata_versium_lifedata_indico_inrix_tops,1.0
analytics_rapidminer,1.0
types_errors,1.0
predictions_model_validation_overfitting,1.0
data_predictions_future_number_data_mining,1.0
definitions_logistics_supply_chain,1.0
future_bi,1.0
theory_domain_knowledge_exploratory_analysis,1.0
analytics_series_techniques,1.0
hypotheses_implication,1.0
error_mape,1.0
analytics_field,1.0
models_regression_models,1.0
event_duration_study,1.0
education_textbooks_focus,1.0
heteroskedasticity_garch,1.0
relationships_complex,1.0
advantage_organization,1.0
key_difference_probit_logit_models,1.0
layer_rbf_nonlinearity,1.0
cost_order_cost_action_fraud_detection_fraud,1.0
perceptrons_kohonen_networks_hopfield_networks,1.0
problem_curse_dimensionality_number_predictors_knearest_neighbours,1.0
body_literature_areas_management_economics_security_disclosures_accounting,1.0
table_table_examples,1.0
regression_model_point_intersection_splines,1.0
modeling_techniques_model_complex_functions,1.0
discussion_definitions,1.0
pricing_solutions,1.0
technology_investment_productivity_regression_tree,1.0
prediction_context_prediction_intervals,1.0
collection_costs_crosssell,1.0
complex_model,1.0
analytics_range_user_sophistication,1.0
plots_series_autocorrelation,1.0
statistic_measures,1.0
actions_increase_recovery,1.0
distributions_probit_models,1.0
study_questionnaire,1.0
logit_model_technique_cases,1.0
power_data_dimension_domain_knowledge,1.0
classification_sample_knearest_neighbour_classifier,1.0
bias_turn_increase,1.0
number_schools_strategy,1.0
scale_finer,1.0
dawes_rm,1.0
values_prediction_check_missingness,1.0
theory_context,1.0
decision_support_systems_experts,1.0
products_customers_organization,1.0
analysis_visualization_examples,1.0
perceptron_support_vector_machines_support_vector_machines_svm,1.0
choice_assessment,1.0
analytics_process_flow,1.0
number_bidders_auction,1.0
agent_modeling_systems,1.0
theory_fastchanging_environments_environment,1.0
profitability_customer,1.0
schools_sample_allocation,1.0
analytics_market_order_button,1.0
power_assessment,1.0
purchase_cd_book,1.0
relationships_variables,1.0
finding_model,1.0
specification_model_transparency,1.0
analytics_scm,1.0
power_precision_magnitude,1.0
guide_logistics_scm,1.0
yonder_swift,1.0
analytics_reach_organizations_methods,1.0
analytics_combines_techniques_statistics_data_mining_machine,1.0
classification_tree_analysis_gocta,1.0
modeling_tools_pmml_criticism_references_reading_definition,1.0
sample_students,1.0
significance_plays,1.0
selection_data_mining,1.0
analytics_capture_complex_relationships,1.0
interactions_variables_consideration,1.0
designer_oracle,1.0
geman_bienenstock_doursat,1.0
behavior_address,1.0
longrun_variance_box_jenkins,1.0
viewpoint_model,1.0
organization_success_analytics_insights_analytics_insights,1.0
combination_versions_marketing_material_communication_channels_timing_target,1.0
testing_aim_answer_questions_suspect_situation,1.0
methods_draw_conclusions_examples_differences_emphasis,1.0
diagnostics_credit_card_fraud_detection_face_speech_recognition_analysis_stock_market,1.0
periods_series_collopy_al,1.0
sample_size,1.0
observations_test_set,1.0
principles_rubin_data,1.0
strengthoffit_measure,1.0
customer_attrition_addition,1.0
discrepancy_insample_ofsample_error_rate,1.0
probit_series_models_survival_duration_analysis_classification_regression_trees_cart,1.0
analytics_works,1.0
cost_structure,1.0
modeling_step_exploratory_data_analysis_choice_variables_choice_methods_model_evaluation_validation_selection_model,1.0
datasavvy_worker,1.0
tam_model,1.0
variables_demographics_procedure,1.0
areas_advance,1.0
models_decision,1.0
model_bias_sampling_variance,1.0
ways_differences,1.0
extension_theory,1.0
values_prediction_context,1.0
sciences_economics_engineering_reliability_failure_analysis,1.0
analytics_ability,1.0
fulltext_articles,1.0
accommodation_risk_overfitting,1.0
significance_model_coefficients_variables,1.0
analytics_techniques_data_mining_statistics_modeling_machine,1.0
risk_customer_transaction_order_guide_decision_advancements_computing_speed,1.0
forests_machine,1.0
devices_potential,1.0
chemical_engineering_appendix_table,1.0
stage_chance,1.0
science_chandler_publishing_york_keil_mann_rai_software_projects,1.0
shapire_variations_methods_evaluation_validation_model_selection_model_evaluation,1.0
acknowledgements_authors,1.0
medium_businesses_management_gregor_nature_theory,1.0
examples_colors,1.0
variance_hastie_al,1.0
analytics_steps,1.0
signal_strength_data_properties,1.0
data_lifting,1.0
analytics_paper_presents_methods,1.0
analytics_sources_differences_role,1.0
summaries_summaries,1.0
analytics_context,1.0
xlminer_john_wiley_sons_edition,1.0
data_benefit_data_mining_text_analytics_statistics_business_users,1.0
fastfood_chain_location,1.0
procedure_pcas,1.0
network_architectures,1.0
relationships_data,1.0
analytics_examples,1.0
context_gks,1.0
predictor_candidates,1.0
commerce_stone,1.0
bi_predictors_prediction_survey,1.0
terms_sampling_biases_selfselection,1.0
test_set,1.0
visualization_supports_exploration,1.0
observations_saartsechansky_provost_missingness_blessing,1.0
child_abuse_neglect_fatalities_cecanf_hillsborough_county_fl_lead_child_welfare_agency,1.0
week_communication_alternative_internet,1.0
accuracy_methods_principal_components_analysis_pca_data_compression_methods,1.0
factormodeldriven_datadriven_methods_analysis,1.0
respect_model_predictions_regression,1.0
model_weed_bads,1.0
theory_types_users_ensembles,1.0
modeling_riskaoa,1.0
predictor_future_breaches,1.0
predictor_coefficients_set,1.0
modeling_underrepresentation_mainstream_literature,1.0
data_theory_authors_stress,1.0
types_table,1.0
marketing_crosssell_customer_retention_customer_relationship_managements_child_protection_years_child_welfare_agencies,1.0
techniques_approaches_techniques_conduct,1.0
modeling_testing_leads_ambiguity,1.0
fashion_support,1.0
robert_hayward_centre_health_evidence,1.0
facts_predictions_future,1.0
series_box_jenkins,1.0
outofsample_assessment_crossvalidation_holdout_sample_criterion,1.0
number_variables,1.0
function_model_constraints_model_evaluation,1.0
tax_fraud_recentwhen_advancements_technology,1.0
model_lift_charts,1.0
combination_model_bias_sampling_variance,1.0
approaches_stands,1.0
performance_training_holdout_sets,1.0
mosteller_tukey_jw_data_analysis_regression_reading_mass_addisonwesley_padmanabhan_zheng_kimbrough,1.0
purpose_prediction_level_interpretability,1.0
power_model_variance,1.0
analytics_graphlab,1.0
complex_decisions_trade_offs_predictions,1.0
ease_bi,1.0
analytics_stone_copas_hastie_al,1.0
data_performance,1.0
analytics_key_stages,1.0
tickets_sell_price_flight_hotels,1.0
leeuw_data_preparation,1.0
number_predictors,1.0
performance_category,1.0
claims_collections_fraud_security_operations_organization,1.0
antecedents_consequences_trust_gefen_al,1.0
validity_form_construct_validation_study_padmanabhan_al,1.0
body_knowledge,1.0
sciences_economics,1.0
analytics_process_data_collection_data_mining_data_analysis,1.0
effects_model_interaction_term_choice_potential_methods_datadriven_algorithms,1.0
networks_biasvariance_dilemma,1.0
press_ehrenberg,1.0
kaplanmeier_cox,1.0
analytics_offer,1.0
level_difference,1.0
situation_tomorrow,1.0
relationship_response,1.0
predictability_bi_retrospective,1.0
partition_data,1.0
safety_predictors_age_gender,1.0
models_theory_development,1.0
tam_models_paper,1.0
classification_models_machine,1.0
models_core_set,1.0
sample_model_examples,1.0
modeling_decision_modeling_optimization_disciplines,1.0
models_focus,1.0
essay_raquelle,1.0
health_care,1.0
watchdog_agent_toolbox,1.0
construction_appendix_lack,1.0
crm_objectives,1.0
ease_user_acceptance_technology,1.0
modeling_terms,1.0
distribution_occurrences_events_uniform,1.0
respond_customer_attrition,1.0
action_bi,1.0
nodes_sigmoid_nodes,1.0
nf_zhang,1.0
authors_mention,1.0
models_decision_models,1.0
participants_kiesler_scherlis,1.0
increase_chance,1.0
implications_multicollinearity_statistics_education_wang_jank_shmueli,1.0
skeptics_computers_algorithms_abilities,1.0
methods_regression_classification,1.0
american_psychologist_dellarocas,1.0
dataset_limit_choices_shrinkage_methods,1.0
framework_predictionio,1.0
data_problemscitation,1.0
percent_wixom_bh_todd_pa,1.0
situation_variety_models,1.0
propagation_conjugate_gradient_descent_projection_operator_deltabardelta,1.0
response_factors,1.0
basis_functions_support_vector_machines_nave_bayes_knearest_neighbours,1.0
constructs_relation,1.0
events_advantage_prediction,1.0
google_prediction,1.0
regression_classification,1.0
future_data,1.0
statements_hypotheses,1.0
conditions_diabetes_asthma_lifetime_illnesses,1.0
predictions_observations,1.0
june_criticism,1.0
analytics_isr_misq_total,1.0
training_case_point,1.0
modeling_constraint,1.0
approach_avoidance_agency_theories,1.0
philosophy_science_dubin_theory_york,1.0
data_datadriven_algorithms,1.0
classification_knearest_neighbours_number_neighbours,1.0
variables_assumptions_theory,1.0
sethi_king,1.0
data_collection_data_sets,1.0
decision_trees,1.0
science_press_shmueli_patel_nr_bruce_pc_data_mining_business_intelligence_concepts_techniques_microsoft_office,1.0
analytics_business_logistics_barton_court_highlight,1.0
travel_healthcare_child_protection_pharmaceuticals_capacity_planningcitation,1.0
weight_vector,1.0
user_competence_conceptualization_measurement_systems_marcoulides_ga_saunders_pls_silver_bullet,1.0
model_deployment_option,1.0
sample_datadriven_algorithms,1.0
context_field,1.0
memory_mpp_architectures_technologies_hadoop_mapreduce_indatabase_text_analytics_processing,1.0
phenomena_light_literature_survey_question,1.0
explanation_level,1.0
variables_prediction,1.0
marketing_personnel_psychology,1.0
measures_user_behavior_singlesource,1.0
techniques_regression_techniques,1.0
settingdiscrete_event_simulation_business_process,1.0
coefficients_logit_probit_model,1.0
modeling_bias,1.0
bi_shoppers,1.0
models_process_customers_credit_history_loan_customer_data_order_rankorder_individuals_likelihood,1.0
analytics_action_marketing_telecommunications_education_gaming_organizations_forecast_customer_responses_purchases,1.0
regression_techniques_machine,1.0
analytics_tax_returns,1.0
forecasting_makridakis_taleb_decision,1.0
accuracy_chapter_hastie_al_crossvalidation,1.0
dimension_pca,1.0
customers_payments,1.0
collection_methods,1.0
power_samples_populations_bi_questions,1.0
regression_splines_mars_technology_management_konishi_kitagawa_criteria,1.0
analytics_support_theory_terms_construct_operationalization_aspect,1.0
analytics_outline_examples,1.0
conditions_diabetes_asthma_heart_disease_lifetime_illnesses,1.0
values_process,1.0
future_boxoffice_sales,1.0
dowe_al_dubin,1.0
perspective_shmueli,1.0
data_normality_assumption_regression_models,1.0
analytics_flag_risk_cases_approach,1.0
selection_algorithms,1.0
science_prediction,1.0
data_questionnaire,1.0
households_discovery_construct,1.0
component_series,1.0
child_deaths_target_population,1.0
analytics_reason_field_hope_essay,1.0
disparity_ability,1.0
model_terms_form_variables_specification,1.0
future_risk_default_technology,1.0
productivity_studies_models,1.0
level_granularity,1.0
analysis_alternative_anova_analysis_variance_regression_analysis_attempt,1.0
transparency_prediction_accuracy_simplicity_interpretability_conflict_breiman,1.0
scale_correlations_bi_testing,1.0
models_modeling,1.0
score_weightage,1.0
probability_event,1.0
bias_variance,1.0
predictor_variables,1.0
conclusions_theory_practice_dawes,1.0
performance_measures,1.0
factors_broadband_adoption,1.0
model_allisons,1.0
role_trust,1.0
decision_support_systems_collection_analytics_crosssell_customer_retention,1.0
questionnaire_length,1.0
issues_potential,1.0
insights_internet_auctions,1.0
models_lead_discovery_constructs_relationships_nuances,1.0
model_tam,1.0
data_wiley_york_edition_makridakis_hogarth_rm_gaba_forecasting_uncertainty,1.0
populationlevel_parameters_instance_confidence_interval,1.0
data_closedloop_cycle_improvement_vision,1.0
candidate_transactions,1.0
predictors_scores,1.0
logit_probit_regression_probit_models_offer_alternative,1.0
analytics_prediction,1.0
risk_overfitting,1.0
jun_pavlou_pa_fygenson,1.0
potential_issues,1.0
crime_scenes_sample_unit,1.0
model_selection_responsibility_researcher,1.0
topics_area,1.0
sense_lead_loss_richness_data,1.0
assumption_data,1.0
costs_table,1.0
actions_increase_customer_activity,1.0
models_performance_training_holdout_sets,1.0
fields_credit,1.0
logit_model_cases,1.0
presence_seasonality,1.0
variables_cut_points,1.0
variables_proxy_variables,1.0
population_training_evaluation_data_sample_properties_training_evaluation_prediction_contexts_note_bias,1.0
costs_intensions,1.0
predictions_realtime_prediction,1.0
holdout_set,1.0
scenario_model,1.0
measure_bi_hauser_al,1.0
observations_lead,1.0
forms_models,1.0
alteryx_analytics,1.0
modelingprecise_analysis,1.0
breach_announcements,1.0
sources_differences,1.0
minima_feedforward_networks,1.0
range_response,1.0
sum_squares,1.0
data_purpose_construct_validationjust,1.0
variance_values_chain_integration_capabilities,1.0
regression_modeling_approach_loss_dynamics_interaction_spaces_variance,1.0
future_credit_payments_contents_definition_types,1.0
models_tam_tbp,1.0
preferences_products_marketing_jank_shmueli_modeling_auctions_john_wiley_sons_jersey_joshi,1.0
logistics_scm,1.0
logit_probit_models,1.0
result_standard_regression_techniques,1.0
customer_relationship_management_crm_child_protection,1.0
power_result_overfitting,1.0
decision_models,1.0
lemmas_theorems,1.0
level_data_analysis_quality_assumptions,1.0
regression_theory,1.0
values_outputs_weights,1.0
measures_clickstream_data_purchase_history,1.0
customers_sake_simplicity,1.0
bi_average_bi_model,1.0
highlight_roles,1.0
maximum_likelihood_estimation,1.0
tests_ols_regression_test,1.0
classifications_regression_estimations,1.0
training_reinforcement,1.0
completeness_constructs_influence_business_managers_competence,1.0
examination_customers_usage_performance_spending_behavior_patterns,1.0
analytics_dimensions_causationassociation_theory_data_retrospectiveprospective_biasvariance,1.0
networks_nar,1.0
perceptron_mlp,1.0
analysis_lead_differences,1.0
mountains_science_glaser_bg_strauss_al_discovery,1.0
qualities_response,1.0
customer_matter,1.0
process_modeling_data_estimate_model_variables,1.0
event_future,1.0
amounts_data_marketing_compliance_customer_operations_business_unit_data,1.0
modeling_realm,1.0
project_outcomes_deliverables,1.0
influence_locations_events,1.0
highrisk_check_kiting_accounts,1.0
accuracy_practice_barrett_terms,1.0
disciplines_economics_finance_contrast_fields,1.0
collection_costs_cross_sell,1.0
equation_model,1.0
samples_discoveries,1.0
relationships_predictors,1.0
relationship_data_model_model,1.0
event_simulation,1.0
actions_strategies_customer,1.0
mahout_gnu_octave_knime_opennn_orange_riskaoa_scikitlearn_weka,1.0
future_levels_integration_business_processes_functions_companies_costs_levels,1.0
participants_web,1.0
analytics_mainstream_literature,1.0
accuracy_choice_potential_methods_datadriven_algorithms,1.0
analytics_process_overview_components,1.0
analytics_drive_business,1.0
studies_experiments,1.0
nature_term_predictors,1.0
considerations_instance,1.0
highbi_customers,1.0
models_theory,1.0
future_behavior_insurance_account_potential,1.0
accuracy_pu,1.0
price_management,1.0
discussion_differences_model_process,1.0
sampling_variance,1.0
loan_approvals_mortgage_market_lending_decisions_matter_hours_days_weeks,1.0
desirability_issues_answers_reason_hisher_responses_shoppers_bi,1.0
analysis_test,1.0
parameters_gaussmarkov_assumptions,1.0
gold_standard,1.0
analytics_models_capture_relationships_factors,1.0
author_analysis_blood_splatter,1.0
modeling_attempts_constraints_influences,1.0
technique_builds,1.0
teams_systems_sep_bassellier_benbasat_reich_bh,1.0
holdout_samples_methods,1.0
analytics_focus,1.0
analytics_form_credit_scores,1.0
analytics_form,1.0
predictions_model,1.0
comments_suggestions,1.0
branch_tree_ends,1.0
measures_aspect,1.0
analytics_support_extraction,1.0
customers_lifecycle_acquisition_relationship_growth_retention_winback_areas,1.0
relevance_theories,1.0
organizations_approach,1.0
instance_point_likert_scale,1.0
classification_tasks_nave_bayes,1.0
values_logit,1.0
decision_support_systems_link_health_observations_health_knowledge_influence_health_choices_clinicians,1.0
laboratory_conditions,1.0
data_predictions_lead_differences_model_process,1.0
analytics_test,1.0
networks_replacement_sigmoidal_transfer_function_networks_layers_input_layer,1.0
distribution_flatter,1.0
data_collection_study_design,1.0
lagrange_multiplier_tests_autocorrelation,1.0
regression_splines_basis_functions_tool,1.0
decision_options_benefit_predictions_implications,1.0
chorus_sense_gainsight_graphlab,1.0
website_customers,1.0
forecasting_malhotra_nk_kim_ss_agarwal_internet_users_privacy_concerns_iuipc_construct_scale,1.0
referees_colleagues,1.0
misclassification_error_devroy_al,1.0
variance_knowledge_kraut_mukhopadhyay_szczypula,1.0
intention_bi_bc_assessment,1.0
modeling_data,1.0
analysis_forecast_future_probabilities,1.0
safety_feedback,1.0
models_testing,1.0
effort_business_objectives,1.0
designs_sample_students,1.0
model_maximum_accuracy,1.0
data_mining_algorithms_classification_trees,1.0
consumers_purchase,1.0
methods_method,1.0
auction_theory,1.0
regression_perspective_springer_breiman,1.0
values_sample,1.0
society_series_fayyad_um_grinstein_gg_wierse_visualization_data_mining_knowledge_discovery_morgan_kaufmann_forster,1.0
model_bias_sampling_variance_reason_proxy_variables,1.0
method_underwriting_businesses_account_risk_exposure,1.0
technophilia_wang_al,1.0
businesss_exposure_fraud,1.0
accuracy_data_difference,1.0
measures_plots_emphasis,1.0
availability_prediction_measurement_quality_quality_precision_predictor_measurements_key,1.0
analysis_marketing_campaigns_sales_customer_tools,1.0
society_szajna_software_evaluation_choice,1.0
sample_observations,1.0
davis_fd_user_acceptance_validity_models,1.0
variables_instance_variance,1.0
number_variables_lots_datadata_mining,1.0
task_summaries,1.0
model_test,1.0
attributes_writings,1.0
data_prediction_context_variables_prediction_survey,1.0
ebay_auctions_wang_al,1.0
constructs_role,1.0
analysis_holdout_set_crossvalidation,1.0
role_role,1.0
rmse_root,1.0
customer_behavior_credit_risk,1.0
model_evaluation,1.0
konishi_kitagawa_shmueli_model,1.0
association_causation_predictors_response_variables_predictors_response,1.0
theory_papers,1.0
likelihood_customer,1.0
data_model_management,1.0
strengthoffit_measures_tests,1.0
conclusions_statistics,1.0
power_metrics_predictability_bi_path_coefficients_plot,1.0
therapeutics_gifford,1.0
order_posture_focus_efforts,1.0
models_explanation_prediction_theory_gregor_explanation_prediction,1.0
power_table,1.0
models_addition,1.0
data_andor,1.0
language_processing_science_kaplan_conduct_inquiry_methodology,1.0
miner_cmsr_data_miner_suite_gmdh_shell_mathematica_matlab_minitab_vendors_proprietary,1.0
project_market,1.0
selection_criteria,1.0
tam_survey,1.0
precision_survey_questions_respect,1.0
purpose_testing,1.0
method_holdout_set,1.0
insurance_telecommunications,1.0
tensions_difference,1.0
definition_population_extent_researchers_discretion_population_college_students_college_students,1.0
analytics_predictions,1.0
study_acceptance,1.0
regressions_concept_regression_splines_knot_knot,1.0
data_collection_instrument_attention_relation_prediction_context_instance_survey,1.0
healthcare_government_operations,1.0
escalation_phenomena_nonescalation_phenomena,1.0
sample_disciplines,1.0
analytics_organizations,1.0
variables_operationalization,1.0
implementation_model,1.0
distance_theory_practice,1.0
function_parameters_parameters,1.0
internet_consortium_types,1.0
evidence_association_response,1.0
pros_sales_optimizer,1.0
science_gefen_karahanna_straub_dw_trust_tam_shopping,1.0
assumptions_price_flexibility,1.0
prediction_accuracy_friedman_montgomery_methods,1.0
model_evaluation_process,1.0
future_series_models_estimate_difference_equations,1.0
overload_message,1.0
adopternonadopter_rank_set_observations_probability,1.0
relationships_keil_als_study,1.0
adopters_technology,1.0
class_pattern_recognition,1.0
model_estimate_variables_contribution,1.0
modeling_reasons,1.0
analysis_prognostics_health_management_matlab_labview,1.0
outcome_probabilities_observations,1.0
response_instance,1.0
models_ar_movingaverage_ma_models_boxjenkins_methodology,1.0
jones_ravid_rafaeli,1.0
training_sample_units_sample_bear,1.0
squares_ols_estimation,1.0
datagami_graphlab_data_science_studio_apigee_insights_openscoringio_intuitics,1.0
key_variables_model_deployment_champion_model,1.0
models_models_relation,1.0
computation_gifford_dk,1.0
model_steps,1.0
analytics_solutions_order_button,1.0
attrition_behavior_customer,1.0
parts_training_set_fit_models_holdout_set,1.0
potential_shoppers_population_bi_questions,1.0
model_performance_uptodate,1.0
usage_problem_companies_face,1.0
model_aid,1.0
power_light,1.0
training_set_predictors,1.0
number_leftout_observations_procedure,1.0
purpose_testing_hypotheses,1.0
regression_splines,1.0
analytics_freeware_software_solutions,1.0
credit_card_fraud,1.0
health_carecitation,1.0
society_collopy_adya_armstrong_js_principles,1.0
dimension_discipline,1.0
linguistics_bioinformatics,1.0
construct_consideration,1.0
operationalizations_constructs_user_competence_marcolin_al_measurement_instruments_szajna_notes_context_technology_assessment_instruments,1.0
modeling_model,1.0
adhoc_theories,1.0
exploration_systems_jun_jarvenpaa_sl_shaw_tr_staples,1.0
distance_criterion_respect_center_functions,1.0
gks_study,1.0
sources_analysis,1.0
database_management_tools_volume_variety_velocity,1.0
construct_validity,1.0
modeling_figure,1.0
distinction_predictors_terms,1.0
blood_splatter_pattern_crime_scene_sample_unit_training_units,1.0
set_questions,1.0
experience_data,1.0
distribution_note,1.0
model_contrast,1.0
analytics_toolsas,1.0
accuracy_assessment,1.0
model_forster,1.0
risk_assessment_prawhen,1.0
modeling_tools,1.0
transactions_offline_identity_thefts_insurance_claims_risk_management,1.0
patterns_relationships,1.0
future_decisions,1.0
computing_computation,1.0
summaries_gender_age_variables_plots,1.0
customers_spending_usage_behavior,1.0
knowledgestudio_birt_analytics_ibm_spss_statistics_ibm_spss_modeler_kxen_modeler_mathematica_matlab_minitab_labview,1.0
class_assignment,1.0
data_categories,1.0
theory_practice_project_manager_escalation,1.0
patients_risk,1.0
revenue_irs,1.0
behavior_analysis_web_fraud_detection_solution,1.0
future_risk_behavior_customer_level_data_predicitve_analytics_predicitve_analytics_industry,1.0
future_events,1.0
mosteller_tukey_key_difference,1.0
model_bias_specification_error,1.0
analytics_odds_algorithm_pattern_recognition,1.0
platforms_lattice_engines,1.0
threestage_methodology,1.0
validity_constructs_terms,1.0
analytics_advantage_multisource,1.0
series_addition_series_models,1.0
knowledgescore_kxen_predixion,1.0
challenges_board_capture_storage,1.0
term_underwriting_business_approaches,1.0
sciences_economics_probit_model_situations,1.0
notion_causality,1.0
concept_survival_analysis_hazard_rate,1.0
approach_avoidance_theory,1.0
households_proceedings,1.0
selection_akaike_criterion,1.0
significance_coefficients,1.0
data_mining,1.0
predictor_variables_relationship,1.0
data_sources,1.0
models_metrics_ambiguity,1.0
solutions_google_prediction,1.0
models_methods_data_mining_algorithms,1.0
construct_operationalizations,1.0
tam_table_buildingexample_modeling_step_definition_study_design_data_collection_data_preparation,1.0
pricing_solutions_order_customer,1.0
existence_modeling,1.0
missingness_training_data,1.0
variables_yields_maximum,1.0
web_user_behavior,1.0
questions_sample_scales_prediction_size_students,1.0
dowe_dl_gardner_oppy_gr_bayes_bust_simplicity_problem_bayesians,1.0
products_behavior,1.0
case_bi_questions,1.0
model_bias,1.0
survival_data,1.0
benchmark_potential,1.0
crossvalidation_methods_sample_data,1.0
philosophy_science_encyclopedia_entry_parsimony_eds_sarkar_pfeifer_routledge,1.0
uncertainty_inferences_drive_decisions,1.0
context_padmanabhan_al_shmueli_al_note_focus_segment_populationmodel,1.0
kind_data,1.0
nature_data_properties,1.0
training_set,1.0
modeling_tool,1.0
predictability_phenomenon,1.0
autocorrelation_functions_estimation_stage_models,1.0
reason_sort_reason,1.0
theory_glaser_strauss,1.0
regression_topic,1.0
level_prediction_accuracy_sample_size,1.0
bi_comparison,1.0
observations_future_period,1.0
accuracy_tam_tbp_questions,1.0
concept_hazard_rate_survival_function,1.0
model_potential,1.0
values_training_set,1.0
theory_choice_variables,1.0
data_patterns_answer_questions_customer_performance_fraud_detection_models,1.0
models_comparison,1.0
holdout_set_exploratory_data_analysis_eda_data_visualization_summaries_question_construct,1.0
agents_predictions_decision_models_decision_models_relationship_elements_decision_data,1.0
car_insurance_policies,1.0
modeling_data_objective,1.0
variables_occurrences,1.0
literature_barrett_jp_coefficient_determination_limitations_american_statistician_berk_ra,1.0
models_categorize_customers_preferences_stage,1.0
statistics_wang_tw_rees_kannan_kn_association_disclosure_realization_security_risk,1.0
outcomes_behaviors,1.0
ecrm_models,1.0
analytics_play,1.0
reasons_logit_model,1.0
input_output_layer,1.0
problem_businesses_types,1.0
audit_targets,1.0
marketing_fraud_detection_portfolio_economylevel_prediction_risk_management_underwriting_technology,1.0
analytics_actions_benefit_prediction,1.0
questions_variance,1.0
odds_ratio,1.0
combination_features_measurements_anova_regression_analysis,1.0
settingrandom_number_generation,1.0
noise_term,1.0
benefit_future_scenario_capital_asset_pricing_model_capm,1.0
articles_isr_misq,1.0
choice_study,1.0
profiles_training_data_extrapolation_shrinkage_methods_issue_extrapolation,1.0
sep_venkatesh_morris_davis_gb_exception_mm_sct,1.0
bi_model,1.0
networks_networks,1.0
set_observations,1.0
values_duration_nature,1.0
fit_statistics,1.0
model_statisticallysignificant_relationship_guarantee,1.0
models_methods,1.0
unit_order,1.0
decision_tree,1.0
data_matters,1.0
customer_relationship_management_crm,1.0
prediction_context_retrospective_recount_purchase_experience,1.0
analytics_framework,1.0
loan_health_insurance_provider,1.0
prediction_integration_user_satisfaction_technology_intention,1.0
duration_models,1.0
relationship_firms,1.0
size_training_set_increases_observations,1.0
model_emphasis_interpretability_relation_constructs_choice_variables_exante_availability,1.0
nature_relationship_turn,1.0
potential_users,1.0
prediction_interval_observation_structure,1.0
approach_topic,1.0
analytics_area_data_mining_deals,1.0
dummy_variables_missingness,1.0
instrument_correlation_bi_account,1.0
inventory_factory_resources_airlines,1.0
accuracy_hastie_al_berk_series_holdout_set,1.0
householdspreview_systems,1.0
path_coefficients_acceptance_systems,1.0
choices_survival_models_gamma_weibull_log,1.0
models_terms,1.0
touch_points,1.0
factors_noise,1.0
characteristics_innovation_association_systems_copas_jb_regression_prediction_shrinkage_royal,1.0
measurement_quality_associations_core,1.0
regression_extension,1.0
questionlevel_data_data_reduction,1.0
tradeoff_model_bias_sampling_variance_geman_al_friedman,1.0
vendors_complex_model,1.0
findings_opportunities_theory_extension_modification_link_theory_construct_operationalization_stage_studies,1.0
model_fits_training_data,1.0
power_path_models_performance_impacts,1.0
techniques_regression_techniques_regression_models_mainstay,1.0
tam_theory_website_purchase,1.0
agilone_adobe_recommendations_customer,1.0
analytics_measurements_prediction,1.0
gary_king_professor_harvard_director_institute,1.0
models_contrary,1.0
content_security_risk_factors,1.0
studies_assertion_terms,1.0
erp_erp_implementation_benefits_task_efficiency_data_quality,1.0
media_content_text,1.0
model_stage,1.0
likelihood_unit_sample_exhibit,1.0
web_logs_rfid_sensor_data,1.0
