engine,0.20029571000000002
engineer,0.19734911
engineering,0.12590314
design,0.07253066999999999
principle,0.07055929
pro,0.057573400000000004
principles,0.05696309000000001
engineers,0.035405019999999995
list,0.0301464
mind,0.02719241
engineering_principle,0.02636656
engineering_principles,0.02636656
problem,0.024445880000000003
science,0.021541209999999998
war,0.021240429999999998
art,0.0206045
bridge,0.01783494
principles_engineer,0.01763763
management,0.01554731
user,0.0151587
concepts,0.014332850000000001
things,0.014332850000000001
form,0.01278049
era,0.01252302
topics,0.0125
engineering_topics,0.0125
solution,0.01121799
engineering_topics_list,0.0109375
da,0.01031308
software,0.01030157
development,0.009754829999999999
biology,0.00966563
designs,0.00937637
mechanic,0.00929731
engineering_design,0.00900804
test,0.008828270000000001
products,0.00863972
care,0.00790307
field,0.00773481
choice,0.00753475
web,0.00753475
target,0.00753475
discipline,0.00736648
principles_engineers,0.00716642
economy,0.00716642
solution_engineer_choice_principles_engineers,0.0067981
concepts_solve_problem,0.0067981
aware_features_design,0.0067981
principles_ideas,0.0067981
engineer_aware,0.0067981
written_posted_web,0.0067981
web_concepts,0.0067981
products_hand_simple,0.0067981
engineer_choice_principles,0.0067981
rules,0.0067981
care_concentrate_principles_easeofuse_economy_lot_things_mind,0.0067981
target_user,0.0067981
posted_web,0.0067981
pleasing_care_concentrate,0.0067981
principles_easeofuse,0.0067981
products_hand,0.0067981
complicated_products,0.0067981
engineer_choice_principle,0.0067981
aware_features,0.0067981
ideas_rules_concepts,0.0067981
engineers_remind_imagine,0.0067981
rules_concepts_mind,0.0067981
ideas,0.0067981
engineering_design_simple,0.0067981
designs_meet_customer,0.0067981
color_shape,0.0067981
engineer_choice,0.0067981
mind_imagine,0.0067981
mind_imagine_fancy,0.0067981
designing_visual_principles,0.0067981
principle_target,0.0067981
problem_specific_list,0.0067981
imagine_fancy,0.0067981
easeofuse,0.0067981
design_simple,0.0067981
easeofuse_economy,0.0067981
kiss,0.0067981
customer,0.0067981
oftennoted_principle,0.0067981
engineering_problem,0.0067981
design_simple_kiss,0.0067981
meet_customer_principle,0.0067981
stupid_engineers,0.0067981
care_concentrate_principles,0.0067981
color_shape_form,0.0067981
fancy_complicated_products,0.0067981
engineers_remind,0.0067981
complicated_products_hand,0.0067981
principles_easeofuse_economy,0.0067981
meet_customer,0.0067981
designs_meet,0.0067981
remind_imagine_fancy,0.0067981
fancy,0.0067981
posted_web_concepts,0.0067981
target_user_mind,0.0067981
color,0.0067981
pleasing_care,0.0067981
features,0.0067981
engineer_aware_features,0.0067981
ideas_rules,0.0067981
features_design,0.0067981
principles_ideas_rules,0.0067981
rules_concepts,0.0067981
care_concentrate,0.0067981
simple_stupid_engineers,0.0067981
engineering_principles_written,0.0067981
list_engineering_principles,0.0067981
concepts_mind,0.0067981
simple_solution_engineer,0.0067981
visually_pleasing_care,0.0067981
simple_kiss,0.0067981
simple_solution,0.0067981
principle_engineering_design,0.0067981
mind_creating_user,0.0067981
remind_imagine,0.0067981
concepts_solve,0.0067981
simple_stupid_engineer,0.0067981
shape_form,0.0067981
principles_color_shape_form_design,0.0067981
simple_stupid,0.0067981
simple_designs_meet,0.0067981
shape,0.0067981
stupid_engineers_remind,0.0067981
principles_color_shape,0.0067981
concentrate,0.0067981
engineering_principles_ideas,0.0067981
principles_engineers_design,0.0067981
principles_color,0.0067981
engineers_design,0.0067981
oftennoted_principle_engineer,0.0067981
simple_designs,0.0067981
principle_target_user,0.0067981
hand,0.0067981
principles_written,0.0067981
design_oftennoted_principle,0.0067981
customer_principle_target_user_mind,0.0067981
systems,0.00662983
mathematics,0.00643992
physics,0.006350710000000001
chemistry,0.006350710000000001
computer,0.00626151
space,0.005982390000000001
engineering_engine,0.00579247
responsibility,0.00579247
engineering_engineer,0.00579247
engineering_principles_engineering_principles_engineering_principles_ideas_rules_concepts_mind,0.0052356
branches,0.00515654
method,0.00515654
fields,0.00515654
education,0.00505582
business,0.00487742
term,0.00487742
chemical,0.00487742
knowledge,0.00478821
logic,0.00478821
lists,0.0046875
engineering_education,0.0046875
integrity,0.0046875
architect,0.0045983000000000005
environment,0.00450909
machine,0.00441989
disciplines,0.00441989
ethics,0.00422997
technology,0.00414077
areas,0.00414077
process,0.00405157
aerospace,0.00377244
material,0.00368324
function,0.00368324
software_engineer,0.0034933200000000003
engineers_engineer,0.0034933200000000003
level,0.00340412
state,0.00340412
role,0.00340412
studies,0.00331492
medicine,0.00331492
dam,0.00331492
steel,0.003125
engineer_engineer,0.003125
builders,0.003125
testability,0.003125
break,0.003125
listening_builders,0.003125
confusion,0.003125
external_integration,0.003125
bridge_break,0.003125
engineer_engine,0.003125
specialists,0.003125
integration,0.003125
subject,0.0030358
kill,0.0030358
construction,0.0030358
order,0.0030358
article,0.0030358
solutions,0.00294659
branches_engineering,0.00294659
study,0.00294659
body,0.00294659
experiment,0.00294659
number,0.00294659
failure,0.00266747
outline,0.00266747
context,0.00266747
economics,0.00266747
term_engineer,0.00266747
architecture,0.00266747
infrastructure,0.00266747
society,0.00266747
scale,0.00257827
processes,0.00257827
practice,0.00257827
sources,0.00257827
light,0.00257827
sciences,0.00257827
inventions,0.00257827
engineering_science,0.0022991500000000002
earth,0.0022991500000000002
main_article,0.0022991500000000002
regard,0.0022991500000000002
engineer_design,0.0022991500000000002
challenge,0.00220994
engineering_management,0.00220994
safety,0.00220994
device,0.00220994
scientists,0.00220994
century,0.00220994
works,0.00220994
history,0.00220994
flow,0.00220994
concrete,0.0019308200000000002
goal,0.0019308200000000002
engineers_borders,0.0019308200000000002
science_technology,0.0019308200000000002
borders,0.0019308200000000002
subjects,0.0019308200000000002
years,0.0019308200000000002
public,0.00184162
tools,0.00184162
types,0.00184162
change,0.00184162
citations,0.00184162
complex,0.00184162
projects,0.00184162
electronics,0.00184162
requirements,0.00184162
rise,0.00184162
machines,0.00184162
materials,0.00184162
mechanics,0.00184162
functions,0.00184162
engineering_engineers_engineer,0.0015625
designed_maintain,0.0015625
managed_civil_engineer,0.0015625
engineer_business,0.0015625
maximum_tonnage,0.0015625
design_regard,0.0015625
cars_maximum,0.0015625
earthquake,0.0015625
ultimate_goal_bridge,0.0015625
article_outline_engineering_lists_list_engineering_topics_list_engineers_engineering_society_list_aerospace_engineering_topics_list,0.0015625
engineer_entire,0.0015625
controversies_term,0.0015625
principles_users_client,0.0015625
bridge_takes,0.0015625
design_regard_engineer,0.0015625
test_concerete,0.0015625
break_kill,0.0015625
expected_bridge,0.0015625
design_level_engineer_business,0.0015625
expansion_contraction_hot,0.0015625
performed_ensure,0.0015625
weather,0.0015625
ensure_expected_bridge,0.0015625
test_performed_ensure,0.0015625
steel_expansion,0.0015625
engineering_society,0.0015625
controversies_term_engineer,0.0015625
steel_expansion_contraction,0.0015625
planned_obsolescence,0.0015625
maximum_tonnage_height,0.0015625
entire_role_engineers,0.0015625
entire_role_engineer,0.0015625
argue_softwaredevelopmentlifecycle,0.0015625
integrity_bridge_break,0.0015625
architecture_architect,0.0015625
softwaredevelopmentlifecycle,0.0015625
principles_context_software,0.0015625
coordinating_specialists_ultimate,0.0015625
principles_user,0.0015625
engineering_engineering_education,0.0015625
software_development,0.0015625
designed_bridge_years,0.0015625
ethics_interests,0.0015625
height,0.0015625
bridge_break_half,0.0015625
basic_chemical,0.0015625
managed_civil,0.0015625
principles_users,0.0015625
ethics_management_timtwelves_testability,0.0015625
break_kill_construction,0.0015625
concerete,0.0015625
managed_civil_engineers,0.0015625
interests_principles_users,0.0015625
proactively_involved_management,0.0015625
goal_bridge,0.0015625
glossary_areas,0.0015625
speciality,0.0015625
expansion,0.0015625
tonnage_height_bridge,0.0015625
cars_maximum_tonnage,0.0015625
break_half_memory,0.0015625
glossaries,0.0015625
areas_mathematics,0.0015625
responsibilities_ultimate_responsibility,0.0015625
glossary_physics,0.0015625
ethics_interests_principles,0.0015625
engineering_architect,0.0015625
obsolescence_testability_maintainablity_integrity,0.0015625
client,0.0015625
contraction,0.0015625
list_aerospace,0.0015625
article_outline,0.0015625
concerete_steel_expansion,0.0015625
engineers_management,0.0015625
structural_integrity_bridge,0.0015625
integrate_environment,0.0015625
takes_cars,0.0015625
maximum,0.0015625
role_engineers_management_responsibility_engineering_principles_ideas_rules_concepts_mind,0.0015625
takes_cars_maximum,0.0015625
steel_specialists,0.0015625
engineers_concrete,0.0015625
engineering_women,0.0015625
integrate_environment_confusion,0.0015625
bridge_takes_cars,0.0015625
sit_listening_builders,0.0015625
listening_builders_bridge,0.0015625
half_memory,0.0015625
responsibility_rests_engineer,0.0015625
glossary_areas_mathematics,0.0015625
bridge_safely_widen,0.0015625
integrity_bridge,0.0015625
management_responsibility_engineer,0.0015625
main_article_outline,0.0015625
tonnage_height,0.0015625
typically_coordinated_design,0.0015625
integrity_bridge_break_half_memory_state,0.0015625
princple,0.0015625
bridge_years,0.0015625
obsolescence,0.0015625
designed_bridge,0.0015625
principles_context,0.0015625
controversies,0.0015625
safely_widen_bridge,0.0015625
responsibilities,0.0015625
involved_listening_builders,0.0015625
interests,0.0015625
physics_subjects_controversies_term_engineer_design_earthquake_engineering_engineer_engineering_economics_engineering_education_engineering_education_engineers_borders,0.0015625
typically_managed_civil,0.0015625
reverse,0.0015625
responsibilities_ultimate,0.0015625
bridge_test_concerete_steel_expansion_contraction,0.0015625
management_responsibilities_ultimate,0.0015625
hot_weather,0.0015625
cars,0.0015625
contraction_hot_weather,0.0015625
hardware,0.0015625
builders_bridge_engineer,0.0015625
designed_maintain_bridge,0.0015625
list_software,0.0015625
engineers_management_responsibility,0.0015625
management_princple_software,0.0015625
architecture_architect_design,0.0015625
argue_softwaredevelopmentlifecycle_responsibility,0.0015625
break_half,0.0015625
memory,0.0015625
design_level,0.0015625
users_client_bridge,0.0015625
nanoengineering,0.0015625
engineering_architecture_architect,0.0015625
glossary_chemistry,0.0015625
management_princple,0.0015625
concerete_steel,0.0015625
memory_state,0.0015625
tonnage,0.0015625
interests_principles,0.0015625
management_responsibilities,0.0015625
engineer_sit,0.0015625
contraction_hot,0.0015625
development_argue_software,0.0015625
structural_integrity,0.0015625
management_responsibility,0.0015625
engineering_engineers,0.0015625
test_concerete_steel,0.0015625
softwaredevelopmentlifecycle_responsibility_management_princple_software_engineer,0.0015625
development_argue_softwaredevelopmentlifecycle,0.0015625
engineering_women_engineering,0.0015625
bridge_confusion,0.0015625
engineering_economics,0.0015625
kill_construction,0.0015625
engineering_architecture,0.0015625
maintainability,0.0015625
engineering_architecture_architect_design_regard_engineering_engineers_engineering_principles_context_software_development,0.0015625
glossary_biology,0.0015625
listening_builders_speciality,0.0015625
environment_confusion,0.0015625
ultimate_responsibility,0.0015625
list_engineers,0.0015625
structural_failure,0.0015625
women,0.0015625
coordinating_specialists,0.0015625
responsibility_rests,0.0015625
design_level_engineer,0.0015625
defined_integrate_environment,0.0015625
engineers_concrete_steel,0.0015625
users,0.0015625
cars_maximum_tonnage_height_bridge_confusion_ethics_interests_principles_users_client_bridge_break_kill_construction_management_engineer,0.0015625
maintainablity,0.0015625
design_infrastructure_mathematics_hardware_reverse_engineering_science_science_technology,0.0015625
expansion_contraction,0.0015625
builders_speciality,0.0015625
proactive_coordinating_specialists,0.0015625
environment_confusion_bridge,0.0015625
chemical_engineering_topics_list,0.0015625
engineers_concrete_steel_specialists,0.0015625
timtwelves,0.0015625
half_memory_state,0.0015625
weather_maintainability,0.0015625
entire_role,0.0015625
engineering_topics_list_nanoengineering_topics_list_software_engineering_topics_glossaries,0.0015625
half,0.0015625
power,0.0014733
range,0.0014733
examples,0.0014733
engineering_develop,0.0014733
definition,0.0014733
uk,0.0014733
problems,0.0014733
template,0.0014733
learn_remove,0.0014733
military_engineer,0.0014733
template_message,0.0014733
deals,0.0014733
methodology,0.0014733
remove_template_message,0.0014733
statistics,0.0014733
methods,0.0014733
structures,0.0014733
models,0.0014733
aircraft,0.0014733
physics_chemistry,0.0014733
message,0.0014733
learn_remove_template,0.0014733
devices,0.0014733
steam,0.00110497
mining,0.00110497
roman,0.00110497
reliable_sources,0.00110497
material_challenged_remove,0.00110497
engineering_disciplines,0.00110497
theory,0.00110497
revolution,0.00110497
engineering_method,0.00110497
renaissance,0.00110497
bridges,0.00110497
challenged_removed_august,0.00110497
key,0.00110497
experiments,0.00110497
engineering_practice,0.00110497
august,0.00110497
geography,0.00110497
constraints,0.00110497
nature,0.00110497
oil,0.00110497
challenged_remove,0.00110497
industrial_revolution,0.00110497
latin,0.00110497
decade,0.00110497
mathematics_science,0.00110497
engineering_discipline,0.00110497
phenomena,0.00110497
removed_august,0.00110497
set,0.00110497
engineering_deal,0.00110497
robotics,0.00110497
fluid,0.00110497
introduction,0.00110497
relief,0.00110497
economies,0.00110497
water,0.00110497
stress,0.00110497
engineering_development,0.00110497
case,0.00110497
issues,0.00110497
ecology,0.00110497
disaster,0.00110497
mechanism,0.00110497
anthropology,0.00110497
skills,0.00110497
prototypes,0.00110497
university,0.00110497
vincenti,0.00110497
psychology,0.00110497
main_branches,0.00110497
engineers_create,0.00110497
citations_reliable_sources,0.00110497
behavior,0.00110497
analysis,0.00110497
neuroscience,0.00110497
equations,0.00110497
function_human,7.3665E-4
latin_ingenium,7.3665E-4
resources,7.3665E-4
electrical_electronics,7.3665E-4
art_engineering,7.3665E-4
station,7.3665E-4
design_study,7.3665E-4
geology,7.3665E-4
council,7.3665E-4
manufacture,7.3665E-4
data,7.3665E-4
engineering_systems,7.3665E-4
vinci,7.3665E-4
brain,7.3665E-4
definition_engineer,7.3665E-4
international_space_station,7.3665E-4
distribution,7.3665E-4
james,7.3665E-4
linguistics,7.3665E-4
word,7.3665E-4
engineering_projects,7.3665E-4
guide,7.3665E-4
instrumentation,7.3665E-4
ingenium,7.3665E-4
scientific_principles,7.3665E-4
choices_merits,7.3665E-4
characteristics,7.3665E-4
gas,7.3665E-4
designs_perform,7.3665E-4
relationships_disciplines,7.3665E-4
modelling,7.3665E-4
aqueducts,7.3665E-4
physics_chemistry_biology,7.3665E-4
collaboration,7.3665E-4
choose_solution,7.3665E-4
management_software,7.3665E-4
transportation,7.3665E-4
greece,7.3665E-4
industry,7.3665E-4
military_machine,7.3665E-4
components,7.3665E-4
conditions,7.3665E-4
engines,7.3665E-4
wheel,7.3665E-4
heart,7.3665E-4
cities,7.3665E-4
petroleum,7.3665E-4
artificial_intelligence,7.3665E-4
sociobiology,7.3665E-4
applied_science,7.3665E-4
walter_vincenti,7.3665E-4
anatomy,7.3665E-4
engineering_character,7.3665E-4
status,7.3665E-4
computer_science,7.3665E-4
solutions_problem,7.3665E-4
classification,7.3665E-4
tasks,7.3665E-4
relationships,7.3665E-4
biochemistry,7.3665E-4
design_choice,7.3665E-4
medicine_biology,7.3665E-4
structures_machines,7.3665E-4
states,7.3665E-4
areas_engineering,7.3665E-4
chemical_processes,7.3665E-4
food,7.3665E-4
innovation,7.3665E-4
bc,7.3665E-4
engine_built,7.3665E-4
extent,7.3665E-4
organizations,7.3665E-4
engineering_companies,7.3665E-4
engineering_deals,7.3665E-4
improve_adding_citations,7.3665E-4
engineering_modern,7.3665E-4
combination,7.3665E-4
emphasis,7.3665E-4
schematics,7.3665E-4
international_space,7.3665E-4
nasas,7.3665E-4
merits,7.3665E-4
philosophy,7.3665E-4
physiology,7.3665E-4
design_choices_merits,7.3665E-4
universities,7.3665E-4
engineering_capacity,7.3665E-4
space_station,7.3665E-4
united_states,7.3665E-4
management_consultants,7.3665E-4
merits_choose,7.3665E-4
spacecraft,7.3665E-4
function_human_body,7.3665E-4
ancient_era,7.3665E-4
engineering_field,7.3665E-4
leonardo_da,7.3665E-4
choices,7.3665E-4
design_choices,7.3665E-4
science_engineering,7.3665E-4
companies,7.3665E-4
supply,7.3665E-4
apparatus,7.3665E-4
suitable_solutions,7.3665E-4
maintenance,7.3665E-4
engineers_train,7.3665E-4
egypt,7.3665E-4
limnology,7.3665E-4
word_engine,7.3665E-4
field_management,7.3665E-4
walter,7.3665E-4
choices_merits_choose,7.3665E-4
vacuum,7.3665E-4
leonardo_da_vinci,7.3665E-4
intelligence,7.3665E-4
uk_engineering,7.3665E-4
leonardo,7.3665E-4
engineering_fields,7.3665E-4
buildings,7.3665E-4
body_biological_machine,7.3665E-4
specifications,7.3665E-4
da_vinci,7.3665E-4
engineering_branches,7.3665E-4
materials_processes,7.3665E-4
result,7.3665E-4
social_context,7.3665E-4
engineering_tasks,7.3665E-4
mathematics_physics_chemistry,3.6832E-4
range_subject_areas,3.6832E-4
citizen_science_fringe_science_protoscience_pseudoscience_freedom_policy_funding_method_technoscience_outline_portal_category,3.6832E-4
engineering_management_degrees,3.6832E-4
organizations_aim_engineering,3.6832E-4
safety_factor,3.6832E-4
body_technology,3.6832E-4
development_field,3.6832E-4
methods_design_tools,3.6832E-4
perspective_managers,3.6832E-4
business_software_number_computer,3.6832E-4
principles_engineers_account_safety_efficiency_economy_reliability_constructability_ease_fabrication_environment,3.6832E-4
engineering_change_engineering_ministries,3.6832E-4
cam_software,3.6832E-4
circuit_board_pcb_circuit_schematics,3.6832E-4
perform_expected_engineers,3.6832E-4
concepts_skills,3.6832E-4
bridges_buildings,3.6832E-4
design_engineer,3.6832E-4
particle_plasma_quantum_field_theory_quantum_mechanics_introduction,3.6832E-4
characteristics_data,3.6832E-4
design_bridge,3.6832E-4
circuits_generators_motors,3.6832E-4
engineering_hoover_dam_engineering,3.6832E-4
design_bridges,3.6832E-4
knowledge_suitable_solutions,3.6832E-4
method_parameter_variationcitation,3.6832E-4
development_electronics_extent,3.6832E-4
engineers_field,3.6832E-4
century_rise,3.6832E-4
systems_art_connections_engineering_art,3.6832E-4
processes_works,3.6832E-4
knowledge_business_administration_management_techniques,3.6832E-4
studies_environmental_science,3.6832E-4
departments_programs_field_fields,3.6832E-4
engineer_james,3.6832E-4
engineers_disaster,3.6832E-4
exists_overlap,3.6832E-4
nexus_art_engineering_business_engineering_engineering_management_business_engineering_deals_relationship,3.6832E-4
engineering_corrosion_engineering_instrumentation_control_aerospace,3.6832E-4
infrastructure_aidcitation,3.6832E-4
engineers_stress,3.6832E-4
anthropology_archaeology_criminology_demography_economics_geography,3.6832E-4
sciences_relevant,3.6832E-4
development_large_scale,3.6832E-4
fields_architecture_landscape_architecture,3.6832E-4
neuroscience_biotechnology_botany_cell_biology_conservation_biology_cryobiology,3.6832E-4
engineer_age_engineering,3.6832E-4
florida_engineering_professor_grant,3.6832E-4
disciplines_medicine,3.6832E-4
ancient_greece,3.6832E-4
machines_inventions_artillery,3.6832E-4
engineering_physics,3.6832E-4
theodore_von_krmn_engineers_scientists_technicians_works_target_positioner,3.6832E-4
engineering_methods_heart_functions_pump_skeleton,3.6832E-4
number_patents,3.6832E-4
matter_mechanics,3.6832E-4
management_business_engineer,3.6832E-4
engineering_methodology,3.6832E-4
science_network_science,3.6832E-4
structure_levers_brain,3.6832E-4
bodys_functions,3.6832E-4
machines_inventions,3.6832E-4
range_activities,3.6832E-4
engineers_civil,3.6832E-4
computer_software,3.6832E-4
biology_microbiology,3.6832E-4
science_foundation,3.6832E-4
food_beverage,3.6832E-4
cambridge_chair_engineering_oxford_germany,3.6832E-4
tests_stress_tests_testing,3.6832E-4
roman_armies,3.6832E-4
responsibility_public_safety_engineering_societies,3.6832E-4
wall_china_brihadeeswarar_temple_thanjavur,3.6832E-4
models_drawings_schematics_designs_cad,3.6832E-4
book_engineers_walter_vincenti,3.6832E-4
computer_science_engineering,3.6832E-4
disciplines_human,3.6832E-4
conditions_respects,3.6832E-4
engineers_solutions_disaster_development_scenarios_number,3.6832E-4
engineering_aerospace,3.6832E-4
engineering_solution,3.6832E-4
approximations_navierstokes_equations,3.6832E-4
model_problem,3.6832E-4
engineering_major,3.6832E-4
tools_systems,3.6832E-4
engineers_scientists,3.6832E-4
flow_experiment,3.6832E-4
cognizance_design_forecast_behavior,3.6832E-4
professional_development,3.6832E-4
flights_wright_brothers,3.6832E-4
mass_rise_engineering_century_term,3.6832E-4
oil_gas_machinery,3.6832E-4
link_medicine_engineering_disciplines_medicine_aims,3.6832E-4
development_subsaharan,3.6832E-4
science_ethics_philosophy,3.6832E-4
subdisciplines_disciplines_concern,3.6832E-4
revolution_today,3.6832E-4
mathematics_sciences_physics,3.6832E-4
nature_engineers_things,3.6832E-4
decade_century,3.6832E-4
engineers_mro_maintenance_management,3.6832E-4
medicine_studies_function,3.6832E-4
aviation_pioneers_century_sir_george_cayley,3.6832E-4
development_ecpd_predecessor,3.6832E-4
core_contradiction,3.6832E-4
science_areas_endeavor,3.6832E-4
study_subjects,3.6832E-4
contents_definition_history,3.6832E-4
sort_financing_agency_set_investors_government_types_engineering,3.6832E-4
chemical_processes_blades_rotor_stator_steam_cycle,3.6832E-4
states_josiah_willard_gibbs_yale_university_phd,3.6832E-4
engineering_years_computer_software_aid_development_goods,3.6832E-4
vaughn_koen_engineering_method_heuristics_change,3.6832E-4
geology_geomorphology_geophysics_glaciology_hydrology_limnology_meteorology_oceanography_paleoclimatology_paleoecology_palynology_pedology_volcanology_space_science_astronomy_astrophysics_cosmology_galactic_astronomy,3.6832E-4
engineering_mathematics,3.6832E-4
biology_neuroscience_paleontology_parasitology_physiology_radiobiology_soil_biology_sociobiology_systematics_toxicology_zoology,3.6832E-4
numerical_methods,3.6832E-4
engineering_major_branches,3.6832E-4
article_history_engineering_relief_map_citadel_lille,3.6832E-4
domains_antikythera_mechanism,3.6832E-4
lime_form_mortar_set_water,3.6832E-4
engineering_biophysics,3.6832E-4
prototypes_products_components,3.6832E-4
established_economies,3.6832E-4
works_infrastructure_airports_roads_railways_water_supply_treatment_bridges_dams_buildings,3.6832E-4
systems_transportation,3.6832E-4
cnc_machining_instructions,3.6832E-4
anatomy_physiology,3.6832E-4
empirical_knowledge,3.6832E-4
states_census,3.6832E-4
phenomena_moment_scientists,3.6832E-4
era_modern,3.6832E-4
apparatus_prototypes,3.6832E-4
collaboration_engineers_fields,3.6832E-4
studies_cybernetics,3.6832E-4
management_field,3.6832E-4
engineering_sector_deals,3.6832E-4
characteristics_systems_stresses_temperatures,3.6832E-4
electrical_electronics_engineers,3.6832E-4
definition_engineering_term_engineering,3.6832E-4
technology_engineers,3.6832E-4
military_civil,3.6832E-4
specifications_limits,3.6832E-4
structures_engineering_methodology,3.6832E-4
era_renaissance,3.6832E-4
nasas_marsbound_spacecraft_phoenix_mars_lander_john_smeaton,3.6832E-4
exhibition_art_nasas_aerospace_design_robert_maillarts_bridge_design,3.6832E-4
fields_mathematics_science,3.6832E-4
operations_robotics_software_web_healthcare_medicine,3.6832E-4
computer_engineer,3.6832E-4
engineers_required_knowledge,3.6832E-4
economies_relationships_disciplines_science_scientists_study_engineers,3.6832E-4
design_bridges_canals_harbours_lighthouses,3.6832E-4
engineering_concepts,3.6832E-4
engineering_century,3.6832E-4
structures_bridges_buildings,3.6832E-4
relations_law_linguistics_pedagogy,3.6832E-4
inventions_wedge_lever_wheel_pulley_inventions,3.6832E-4
practice_industry_sector_knowledge_change_management_expertise,3.6832E-4
engineer_idea_concrete_terms_design_complex_device_gadget_material_method_computing_program,3.6832E-4
models_designs,3.6832E-4
solutions_problems_improvements_status_quo_engineers,3.6832E-4
knowledge_order,3.6832E-4
engineering_biostatistics,3.6832E-4
engineering_disciplines_medicine,3.6832E-4
engineer_james_watt_rise,3.6832E-4
engineering_design_study_manufacture,3.6832E-4
branches_chemical_engineering_physics_chemistry_biology_engineering_principles_order,3.6832E-4
engineering_design_manufacture,3.6832E-4
engineering_scientistscitation,3.6832E-4
discipline_engineers_engineer,3.6832E-4
engineers_solutions,3.6832E-4
design_gear_trains,3.6832E-4
science_physics,3.6832E-4
psychology_forestry_library_science,3.6832E-4
figures_leonardo_da_vinci,3.6832E-4
process_management_software_engineering_eda,3.6832E-4
compromises_heart_lowlevel_engineering_designs,3.6832E-4
engineering_projects_subject_controversy_examples_engineering_disciplines,3.6832E-4
anthropology_engineering_studies,3.6832E-4
failure_computer_computer_simulation_velocity_air_flow_space_shuttle_orbiter_reentry_solutions_flow,3.6832E-4
overlap_sciences,3.6832E-4
exists_overlap_sciences,3.6832E-4
sciences_design_projects_result,3.6832E-4
renaissance_artist_engineer,3.6832E-4
protein_glows,3.6832E-4
nineteenth_century,3.6832E-4
challenges_regard_number,3.6832E-4
physicist_smeaton,3.6832E-4
systems_power_energy_systems_aerospaceaircraft_products_weapon_systems_transportation_products_engines_compressors_powertrains_kinematic_chains_vacuum_technology_vibration_isolation_equipment,3.6832E-4
development_electronics,3.6832E-4
element_method_analysis,3.6832E-4
machines_machine,3.6832E-4
discipline_term,3.6832E-4
engineering_key,3.6832E-4
mechatronics_number_branches,3.6832E-4
expressions_engineering,3.6832E-4
signals_similarities,3.6832E-4
engineering_opendesign_engineering_nature_engineering_interconnections_society_culture,3.6832E-4
systems_power,3.6832E-4
conditions_discipline,3.6832E-4
knowledge_relevant_sciences,3.6832E-4
constraints_engineers,3.6832E-4
engineering_mining_engineering,3.6832E-4
engineering_skills_knowledge,3.6832E-4
engineering_deals_aircraft_design_process_design_aerospace_engineering,3.6832E-4
engineering_designs,3.6832E-4
principles_design,3.6832E-4
engineering_century_term,3.6832E-4
auto_mechanic_tv_refrigerator_electrician,3.6832E-4
engineering_methods,3.6832E-4
development_goals,3.6832E-4
rebuilt_plymouth_hoe_smeatons_tower_history_rediscovery_development,3.6832E-4
universitys_faculty_engineering,3.6832E-4
roles_engineering_management_students,3.6832E-4
physics_chemistry_mathematics,3.6832E-4
contraption_war,3.6832E-4
science_principles,3.6832E-4
scale_complex_business_transformation_business_process_management_initiatives_aerospace_defence,3.6832E-4
context_relationships_disciplines_science_medicine_biology_art_business_engineering_engineering_management_fields_references_reading,3.6832E-4
engineering_term,3.6832E-4
renaissance_era_william_gilbert,3.6832E-4
development_large,3.6832E-4
mockup_dmu,3.6832E-4
electronics_engineers_outnumber_colleagues_engineering_specialty_chemical_engineering,3.6832E-4
engineers_things,3.6832E-4
experiments_alessandro_volta_experiments_michael_faraday_georg_ohm,3.6832E-4
engineering_practice_management,3.6832E-4
engineering_broad,3.6832E-4
science_studies,3.6832E-4
engineering_instrumentation,3.6832E-4
blocks_granite_lighthouse_lighthouse,3.6832E-4
clevel_executives_fields,3.6832E-4
web_science_philosophy_history,3.6832E-4
engineering_fields_mechanic_arts,3.6832E-4
occupation_engineer_count,3.6832E-4
level_design,3.6832E-4
experiment_solution_problem_improvement,3.6832E-4
situation_resources_koen,3.6832E-4
engineering_systems_business_administration_change_management_engineering_management,3.6832E-4
design_cad_software_catia_autodesk_inventor_dss_solidworks_pro_engineer,3.6832E-4
fields_form_branches_earth_systems_engineering_management,3.6832E-4
engineering_neuroscience_science_studies,3.6832E-4
design_tools,3.6832E-4
branches_engineering_citations_verification,3.6832E-4
engineering_graduates_dozen,3.6832E-4
petroleum_systems_audio_software,3.6832E-4
engineering_studies,3.6832E-4
gardens_babylon_acropolis_parthenon_greece_roman_aqueducts_appia_colosseum_teotihuacn_cities_pyramids,3.6832E-4
science_complex,3.6832E-4
science_complex_systems,3.6832E-4
fields_robotics,3.6832E-4
management_consultants_lead,3.6832E-4
devices_brain_implants_pacemakers_fields_bionics,3.6832E-4
biology_introduction_genetics_introduction_gerontology_immunology_limnology,3.6832E-4
times_humans,3.6832E-4
engineering_archimedes_inventions_antikythera_mechanism,3.6832E-4
inventions_archimedes_examples,3.6832E-4
inline_citations_statements,3.6832E-4
gas_telephone,3.6832E-4
flow_aircraft_miners_rule,3.6832E-4
logic_robotics,3.6832E-4
mathematical_statistics,3.6832E-4
constraints_design_order,3.6832E-4
element_method_engineers,3.6832E-4
navigation_obstacle_avoidance_vehicle,3.6832E-4
space_station_examples,3.6832E-4
structures_machines_apparatus,3.6832E-4
plants_role_chemical_engineer_design_chemical_plants_processes_falkirk_wheel_scotland,3.6832E-4
branches_engineering_phd_engineering,3.6832E-4
mathematics_science_engineers,3.6832E-4
engineers_responsibility,3.6832E-4
effects_fluid_flow_heat_equations,3.6832E-4
engineering_design_construction_public,3.6832E-4
century_rise_field_electronics_inventions_vacuum_tube_transistor,3.6832E-4
factor_safety_designs,3.6832E-4
logic_levels_fluid_flows_kinematics_access_distribution,3.6832E-4
test_potential_solutions,3.6832E-4
aircraft_war,3.6832E-4
engines_context,3.6832E-4
problems_uk,3.6832E-4
sense_experimentation,3.6832E-4
engineering_council,3.6832E-4
considerations_patent_infringement_liability_case_failure_solutioncitation,3.6832E-4
engineer_imhotep_officials_pharaoh_djosr,3.6832E-4
development_radar_gps_lidar,3.6832E-4
ages_trebuchet,3.6832E-4
weapons_gorges_dam_design_sport_utility_vehicles_extraction_oil_response,3.6832E-4
design_emphasis_function_utilization_mathematics_science_engineers_knowledge_science_mathematics_logic_economics_experience,3.6832E-4
area_subfield_warrants_classification_branch_key_indicator_emergence,3.6832E-4
study_human,3.6832E-4
responsibility_policies_engineering_key_driver_innovation,3.6832E-4
social_science,3.6832E-4
systems_aerospace,3.6832E-4
term_series_science,3.6832E-4
permutation_subset,3.6832E-4
engineers_solution,3.6832E-4
greeks_century_bc_trireme_ballista,3.6832E-4
task_engineer,3.6832E-4
era_renaissance_era,3.6832E-4
engineering_skills,3.6832E-4
studies_human,3.6832E-4
knowledge_science_mathematics,3.6832E-4
engineers_disaster_relief_engineers,3.6832E-4
engineering_solutions,3.6832E-4
engineering_change,3.6832E-4
design_civil,3.6832E-4
solutions_problems,3.6832E-4
ends_addition,3.6832E-4
combination_construct,3.6832E-4
business_transformation_initiatives_initiatives,3.6832E-4
technologies_engineering_computers,3.6832E-4
continuum_fluid,3.6832E-4
art_institute_chicago_instance,3.6832E-4
engineering_corps_army_corps_engineers_word_engine,3.6832E-4
interactions_engineering_medicine_fields,3.6832E-4
systems_science,3.6832E-4
knowledge_science,3.6832E-4
key_principles_machine_theory,3.6832E-4
modern_engineer,3.6832E-4
deals_areas,3.6832E-4
guide_subject_outline_engineeringbranches_engineering_design,3.6832E-4
walter_vincenti_vincentis_case_studies_domain,3.6832E-4
human_body_technology,3.6832E-4
science_term,3.6832E-4
article_list_engineering_branches,3.6832E-4
engineering_representative_uk_trades,3.6832E-4
science_decade,3.6832E-4
geometry_dimensions_characteristics_data,3.6832E-4
mankind_engineers_borders_engineers_poverty,3.6832E-4
engineering_faces_image_crisis,3.6832E-4
engineers_mathematics_sciences_physics,3.6832E-4
replace_functions_human,3.6832E-4
engineering_principles_medicine,3.6832E-4
machine_tv_antenna_installer_satellite_methodology,3.6832E-4
scientific_knowledge,3.6832E-4
engineering_text_foundations,3.6832E-4
biology_ecology_ethnobiology_ethology,3.6832E-4
codes_practice_codes_ethics_guide_members,3.6832E-4
biology_technology,3.6832E-4
branches_engineering_practice_methodology_problem,3.6832E-4
physics_photochemistry_radiochemistry_stereochemistry_surface_science_physics,3.6832E-4
solution_matches_requirements,3.6832E-4
science_psychology,3.6832E-4
design_aerospace,3.6832E-4
scale_petroleum_refining_microfabrication_fermentation_biomolecule,3.6832E-4
engine_steam,3.6832E-4
mathematics_physics,3.6832E-4
engineering_disciplines_human,3.6832E-4
mathematics_physics_chemistry_biology_mechanics,3.6832E-4
mathematics_sciences,3.6832E-4
al_revision,3.6832E-4
astronomy_biology_anatomy_anthropology_astrobiology_biochemistry_biogeography,3.6832E-4
word_engineer_dates_engineer,3.6832E-4
behavior_construction,3.6832E-4
anatomy_physiology_study,3.6832E-4
nature_engineers_stress_innovation,3.6832E-4
engineering_scientists,3.6832E-4
change_management_depth_knowledge,3.6832E-4
design_modern,3.6832E-4
data_management_software_tools_support,3.6832E-4
replace_functions,3.6832E-4
electronics_power_distribution_generation_utilities_transportation_systems_combination,3.6832E-4
directions_purposes,3.6832E-4
design_extent_disciplines,3.6832E-4
cleverness_ingeniare,3.6832E-4
scientific_method,3.6832E-4
machines_tools,3.6832E-4
portland_cement,3.6832E-4
limitations_flexibility_future_modifications_additions_factors_requirements_cost_safety_marketability_productivity_serviceability,3.6832E-4
science_engineers,3.6832E-4
engineering_sector_demand,3.6832E-4
fields_involves,3.6832E-4
social_structures,3.6832E-4
engineering_systems_modeling,3.6832E-4
modern_mechanical_engineer,3.6832E-4
engineering_skills_knowledge_expertise,3.6832E-4
chemistry_acidbase,3.6832E-4
design_manufacture,3.6832E-4
engineering_nature,3.6832E-4
science_geodesy_geography,3.6832E-4
engineering_neuroscience,3.6832E-4
water_cities_towns_empire_pharos_alexandria_pyramids_egypt,3.6832E-4
sciences_disciplines_physics_chemistry_mathematics_practice_practices_engineering,3.6832E-4
modelling_semiotics_sociobiology_statistics_systems_science,3.6832E-4
science_technology_types_term_engineering,3.6832E-4
case_studies_comments,3.6832E-4
medicine_replace_body,3.6832E-4
ignition_facility_nif_target_chamber,3.6832E-4
disasters_bridge_collapses,3.6832E-4
design_projects,3.6832E-4
fields_engineering,3.6832E-4
acoustics_architecture,3.6832E-4
james_maxwell_maxwells_equations_heinrich_hertz,3.6832E-4
disciplines_human_body,3.6832E-4
management_business,3.6832E-4
branches_science_systems_biology,3.6832E-4
engineering_birthplace_britain,3.6832E-4
term_expands_reach_discipline,3.6832E-4
problem_engineers,3.6832E-4
machines_machine_tools,3.6832E-4
engineering_institutions_uk_engineering_council_specialties,3.6832E-4
fatigue_damage_engineering,3.6832E-4
harm_public,3.6832E-4
engineering_business,3.6832E-4
medicine_replace,3.6832E-4
relativity_rheology_string_theory_thermodynamics_earth_sciences_climatology_ecology_edaphology,3.6832E-4
structures_machines_tools_systems_components_materials_processes_organizations_discipline_engineering,3.6832E-4
eddystone_lighthouse,3.6832E-4
dentistry_midwifery_epidemiology_pharmacy_nursing,3.6832E-4
engineer_ingenieur_european_engineer,3.6832E-4
construction_pyramid_djoser_step_pyramid_saqqara_egypt_bc,3.6832E-4
engineer_publication_magnete,3.6832E-4
engineering_physics_chemistry,3.6832E-4
engineering_graduates_number,3.6832E-4
scale_chemicals_industry,3.6832E-4
observation_materials_phenomena_mathematics_classification_criteria,3.6832E-4
systems_components,3.6832E-4
manner_christopher_cassidy_nasa_works,3.6832E-4
testament_ingenuity_skill,3.6832E-4
engineering_designer,3.6832E-4
engineering_medicine,3.6832E-4
function_economics_operation_safety_property_history,3.6832E-4
currents_voltages,3.6832E-4
links_definition_american_engineers_council,3.6832E-4
projects_engineering_projects,3.6832E-4
things_prototypes_scale_models_simulations,3.6832E-4
engineering_design_study,3.6832E-4
emphasis_areas,3.6832E-4
engineering_engineering_activity_influence_environment_society_economies,3.6832E-4
industrial_scale,3.6832E-4
design_decisions,3.6832E-4
science_psychology_science_education_sociology,3.6832E-4
mining_nuclear,3.6832E-4
booster_engine_steam_locomotives_engineering,3.6832E-4
development_relief_ngos,3.6832E-4
science_term_engineering,3.6832E-4
engineering_design_modern,3.6832E-4
savery_development_device_rise,3.6832E-4
sciences_engineering_practice_engineering,3.6832E-4
design_construction,3.6832E-4
term_electricity_steam_engine,3.6832E-4
engineering_art,3.6832E-4
physics_experiments_rise_computer_technology_engine,3.6832E-4
medicine_biology_leonardo_da_vinci_selfportrait_epitome_artistengineer_studies,3.6832E-4
engineering_conclusions,3.6832E-4
issues_pro,3.6832E-4
materials_science,3.6832E-4
requirements_constraints,3.6832E-4
logic_mathematics,3.6832E-4
engineer_regard,3.6832E-4
devices_computer_systems_telecommunications_instrumentation_controls_electronics,3.6832E-4
mechanics_engineering_science_scientists,3.6832E-4
engineering_design_construction,3.6832E-4
astrochemistry_biochemistry_crystallography_food_chemistry_geochemistry_materials_science,3.6832E-4
fit_assembly_study_ergonomics,3.6832E-4
field_electronics,3.6832E-4
engineering_sciences,3.6832E-4
branches_engineering_fields,3.6832E-4
engineering_challenge_disciplines_inventions,3.6832E-4
knowledge_skills,3.6832E-4
hydraulicity_lime,3.6832E-4
template_message_design_turbine,3.6832E-4
endeavors_computers_software_play,3.6832E-4
spacecraft_design_origins,3.6832E-4
intelligence_bioethics_bioinformatics,3.6832E-4
engineering_branches_engineering,3.6832E-4
engineering_exist,3.6832E-4
methodology_epistemology_engineering,3.6832E-4
term_civil,3.6832E-4
engineering_computer,3.6832E-4
design_light,3.6832E-4
problems_complex,3.6832E-4
machine_functions,3.6832E-4
psychology_principles_methods,3.6832E-4
lifecycle_management_plm,3.6832E-4
requirements_genrich_altshuller_gathering_statistics,3.6832E-4
study_human_body,3.6832E-4
