market,0.06876337
io,0.06876331
marketing,0.05049169
age,0.03677684
business,0.022094990000000002
rate,0.021350360000000002
ab,0.01973878
management,0.01833842
brand,0.01678241
competitive,0.01391497
ad,0.01287021
customer,0.01209224
firm,0.01082522
source,0.01079188
strategy,0.00966936
resource,0.00949153
target,0.00943595
manager,0.00929145
audit,0.00899139
tab,0.00884689
form,0.00838009
analysis,0.00809111
term,0.0075242899999999995
brand_audit,0.00745763
marketing_manager,0.00731314
objective,0.00731314
firms,0.00725755
strategic,0.0070463999999999995
customers,0.0069019
plan,0.00672408
segment,0.00654625
process,0.00652401
profit,0.00636843
objectives,0.00627952
industry,0.00613503
marketing_management,0.00610169
managers,0.00595721
data,0.00594605
marketing_managers,0.0056904699999999996
positioning,0.00551264
companys,0.00542373
technique,0.00522366
sources,0.00510141
techniques,0.005045839999999999
systems,0.00492359
effective,0.0047791
marketing_strategy,0.00474576
develop,0.00454569
products,0.0044567800000000005
implement,0.00442345
determine,0.004367869999999999
competitors,0.00433454
planning,0.00424563
marketer,0.00424563
design,0.0041344599999999995
focus,0.00410113
resources,0.0040678
led,0.00401222
set,0.00401222
include,0.00386772
performance,0.00383439
sales,0.00377881
price,0.00374548
rise,0.00374548
sets,0.00365657
main,0.00365657
decision,0.00363433
variety,0.00356766
force,0.00356766
measure,0.00351207
enterprise,0.00347874
implementation,0.00347874
segments,0.00347874
assets,0.00338983
control,0.00333425
organization,0.00333425
cost,0.00324534
conduct,0.00318976
stand,0.00310085
mix,0.00306751
financial,0.00306751
goal,0.0029786
examine,0.00288969
marketers,0.00280077
management_systems,0.00280077
external,0.00280077
project,0.00268962
identify,0.00265629
require,0.00256738
common,0.00256738
effectiveness,0.00256738
exist,0.00247846
unit,0.00247846
key,0.00247846
collect,0.0024562200000000003
issue,0.00238955
long,0.00238955
small,0.00233397
established,0.00230064
marketing_mix,0.00230064
case,0.00230064
issues,0.00230064
structure,0.00230064
question,0.00224506
size,0.00221173
medium,0.00221173
strong,0.00221173
processes,0.00221173
traditional,0.00221173
test,0.0021894799999999997
level,0.00215614
firms_marketing,0.00212281
tools,0.00212281
traditionally,0.00212281
elements,0.00212281
revenue,0.00212281
selected,0.00212281
factor,0.0020672299999999998
decisions,0.0020672299999999998
operation,0.0020672299999999998
large,0.0020672299999999998
target_segments,0.0020339
marketing_plan,0.0020339
mental,0.00197832
national,0.00197832
general,0.00197832
understand,0.00197832
factors,0.00197832
method,0.00192275
grow,0.00188941
reference,0.00188941
trend,0.00188941
expert,0.00188941
forms,0.00180049
program,0.00180049
link,0.00180049
groups,0.00180049
trends,0.00180049
international,0.00180049
offer,0.00180049
relevant,0.00180049
economic,0.0017115799999999999
ability,0.0017115799999999999
prove,0.0017115799999999999
place,0.0017115799999999999
development,0.0017115799999999999
understanding,0.0017115799999999999
role,0.0017115799999999999
specific,0.0016560099999999999
environment,0.0016560099999999999
demand,0.0016560099999999999
quantitative,0.0016560099999999999
markets,0.0016560099999999999
order,0.00162267
opportunities,0.00162267
improve,0.00162267
programs,0.00162267
researcher,0.00160043
making,0.0015671
app,0.0015671
provide,0.0015671
state,0.00153376
working,0.00153376
assess,0.00153376
market_market,0.00153376
maintain,0.00153376
brands,0.00153376
questions,0.00153376
existing,0.00153376
department,0.00153376
future,0.00153376
expertise,0.00153376
execution,0.00153376
problem,0.00151151
consumers,0.00151151
analyst,0.00151151
qualitative,0.00147818
small_medium,0.00144484
return,0.00144484
market_marketing,0.00144484
operations,0.00144484
designed,0.00144484
choice,0.00144484
marketing_operation,0.00144484
pricing,0.00144484
feedback,0.00144484
commonly,0.00144484
operate,0.00144484
focuses,0.00144484
fashion,0.00144484
report,0.00144484
response,0.00144484
sales_force,0.00144484
managing,0.00144484
survey,0.00138927
low,0.00138927
business_market,0.00135593
opportunities_threats,0.00135593
project_process_vendor_management,0.00135593
marketing_managers_design,0.00135593
segments_business,0.00135593
performance_market,0.00135593
business_resource_strengths,0.00135593
competition,0.00130036
needed,0.00130036
site,0.00130036
advertising,0.00130036
serve,0.00130036
communication,0.00130036
analyze,0.00130036
bb,0.00124478
secondary,0.00124478
channel,0.00121145
hand,0.00121145
concept,0.00121145
statistical,0.00121145
types,0.00121145
purchase,0.00121145
organizations,0.00121145
entry,0.00112253
based,0.00112253
forecast,0.00112253
surveys,0.00112253
technology,0.00112253
marketing_process,0.00112253
skill,0.00112253
mobile,0.00112253
target_market,0.00112253
predict,0.00112253
behavior,0.00112253
special,0.00106695
web,0.00106695
degree,0.0010336199999999999
mis,0.0010336199999999999
responsible,0.0010336199999999999
satisfaction,0.0010336199999999999
experimental,0.0010336199999999999
preference,0.0010336199999999999
focus_groups,0.0010336199999999999
individual,0.0010336199999999999
entire,0.0010336199999999999
qualitative_marketing,0.0010336199999999999
involved,0.0010336199999999999
methods,0.0010336199999999999
including,0.0010336199999999999
analyzing,0.0010336199999999999
researchers,9.7804E-4
testing,9.7804E-4
accurate,9.4471E-4
costs,9.4471E-4
culture,9.4471E-4
marketing_market,9.4471E-4
marketing_programs,9.4471E-4
quantitative_marketing,9.4471E-4
responsibility,9.4471E-4
investment,9.4471E-4
corporate,9.4471E-4
required,9.4471E-4
situation,9.4471E-4
solve,9.4471E-4
growth,9.4471E-4
promotion,9.4471E-4
country,9.4471E-4
image,9.4471E-4
field,8.8913E-4
companies,8.8913E-4
goals,8.558E-4
attribute,8.558E-4
acquire,8.558E-4
analytics,8.558E-4
drive,8.558E-4
success,8.558E-4
suppliers,8.558E-4
interviews,8.558E-4
relationship,8.558E-4
rates,8.558E-4
offered,8.558E-4
selling,8.558E-4
experimental_techniques,8.558E-4
innovations,8.558E-4
environmental,8.558E-4
growing,8.558E-4
marketing_firms,8.558E-4
called,8.558E-4
location,8.558E-4
insights,8.558E-4
links,8.558E-4
road,8.558E-4
swot_analysis,8.558E-4
distribution,8.558E-4
marketing_department,8.558E-4
channels,8.558E-4
swot,8.558E-4
approach,8.558E-4
individuals,8.558E-4
generally,8.558E-4
observational_techniques,8.558E-4
basic,8.558E-4
meaning,8.558E-4
communications,8.558E-4
observational,8.558E-4
intelligence,8.558E-4
references,8.558E-4
marketing_performance,8.558E-4
director,8.0021E-4
conducted,8.0021E-4
studies,8.0021E-4
external_links,7.6688E-4
brand_preference,7.6688E-4
evaluation,7.6688E-4
collect_data,7.6688E-4
decide,7.6688E-4
strategic_decisions,7.6688E-4
marketing_firms_marketing,7.6688E-4
industry_develop,7.6688E-4
effectively,7.6688E-4
integrated,7.6688E-4
framework,7.6688E-4
maintains,7.6688E-4
highly,7.6688E-4
kind,7.6688E-4
cite,7.6688E-4
distribution_channel,7.6688E-4
compelling,7.6688E-4
sold,7.6688E-4
loyalty,7.6688E-4
complications,7.6688E-4
popularity,7.6688E-4
supply,7.6688E-4
managerial,7.6688E-4
maximize,7.6688E-4
timing,7.6688E-4
decisions_marketing,7.6688E-4
marketing_statistical,7.6688E-4
material,7.6688E-4
sensitive,7.6688E-4
critical,7.6688E-4
executed,7.6688E-4
marketing_objective,7.6688E-4
industry_market,7.6688E-4
test_markets,7.6688E-4
roles,7.6688E-4
contents,7.6688E-4
adequate,7.6688E-4
scanning,7.6688E-4
goal_marketing,7.6688E-4
providers,7.6688E-4
execution_marketing,7.6688E-4
growth_market,7.6688E-4
includes,7.6688E-4
marketing_communications,7.6688E-4
scope,7.6688E-4
marketing_effectiveness,7.6688E-4
competitors_brand,7.6688E-4
relative,7.6688E-4
customer_satisfaction,7.6688E-4
equity,7.6688E-4
environmental_scanning,7.6688E-4
decisions_marketing_managers,7.6688E-4
subsequent,7.6688E-4
business_process,7.6688E-4
plans,7.6688E-4
activities,7.6688E-4
aiming,7.6688E-4
meeting,7.6688E-4
assigned,7.6688E-4
marketing_processes,7.6688E-4
role_marketing,7.6688E-4
brand_equity,7.6688E-4
software,7.6688E-4
tactical,7.6688E-4
physical,7.6688E-4
gain,7.6688E-4
examines,7.6688E-4
idea,7.6688E-4
ethnographic,7.6688E-4
capitalize,7.6688E-4
purchases,7.6688E-4
compared,7.6688E-4
international_marketing,7.6688E-4
problems,7.113E-4
attention,7.113E-4
online,7.113E-4
primary,7.113E-4
client,7.113E-4
businesss_size,6.7797E-4
industry_leader_technology_offering_innovations,6.7797E-4
business_capitalizes_level_expertise_resource_strengths,6.7797E-4
marketing_analysis_conduct_market_marketing_marketers,6.7797E-4
dimensions_segment,6.7797E-4
competitor_analysis_marketers,6.7797E-4
comparison_competitors,6.7797E-4
article_marketing_plan_marketing_metrics_continuum_framework_categorize_metrics,6.7797E-4
unit_margins_revenue_growth_market,6.7797E-4
business_strengths_resource_capabilities_elements,6.7797E-4
business_ends,6.7797E-4
brand_strategy_brand_audit,6.7797E-4
behavior_target_customers_sum_upthe_marketing_branch_deal,6.7797E-4
revenues_profits_firm,6.7797E-4
marketing_strategy_goal_marketing_mix,6.7797E-4
culture_industry_context,6.7797E-4
effectiveness_core_marketing_processes_development_brand_management_marketing_communications_pricing_marketers,6.7797E-4
facts_insights,6.7797E-4
decision_target_fashion_segment_nightclub_patrons_conjunction,6.7797E-4
strengths_weaknesses_swot_analysis_marketing_managers,6.7797E-4
marketing_firms_marketing_strategy_marketing_managers,6.7797E-4
leader_performance,6.7797E-4
enterprises_organizations_management_firms_marketing_resources_activities_globalization,6.7797E-4
strategy_aim_variety,6.7797E-4
techniques_test_markets,6.7797E-4
groups_competitors_chain_analysis,6.7797E-4
variety_techniques_conduct_market,6.7797E-4
encapsulation_key_benefit_companys,6.7797E-4
business_brand,6.7797E-4
differentiation_degree,6.7797E-4
resource_strengths_weaknesses,6.7797E-4
business_image_reputation_customers_brand_audit,6.7797E-4
article_marketing_strategy_customer_segments,6.7797E-4
medium_price_place_place_area_products,6.7797E-4
vendor_allocation_complications_resolve,6.7797E-4
competitors_brand_audit,6.7797E-4
customers_target_segments,6.7797E-4
target_segments_business,6.7797E-4
customers_cases_firm_turn_customers_target_segmentthe_doorman,6.7797E-4
issues_customers,6.7797E-4
capabilities_industry_brand,6.7797E-4
measurement_feedback_control_systems_references_reading,6.7797E-4
tools_economics,6.7797E-4
profitability_goals_firms,6.7797E-4
business_future_performance_marketing_strategy,6.7797E-4
variety_process_management_techniques,6.7797E-4
brand_preference_brand_audit,6.7797E-4
resources_variety,6.7797E-4
goal_customer_satisfaction_return_revenue_implementation,6.7797E-4
industry_marketing_managers_key,6.7797E-4
competitors_cost_structure_sources_profits_resources_competencies,6.7797E-4
responses_industry_developments_factors_marketing_management,6.7797E-4
objectives_marketing_strategy_business,6.7797E-4
marketing_focus_groups_types_interviews,6.7797E-4
marketing_agencies_suppliers_techniques_agency_performance_evaluation_scope_incentive_compensation_rfxs_storage_agency_supplier_database_database,6.7797E-4
links_structure_marketing_management,6.7797E-4
builds_customer_loyalty_brand_equity_target_customers,6.7797E-4
leader_safety_bmw,6.7797E-4
concept_brand_audit,6.7797E-4
customer_base,6.7797E-4
mix_elements_business,6.7797E-4
target_segment_drive,6.7797E-4
popularity_products_customersas,6.7797E-4
firms_market_borders_countries,6.7797E-4
ps_management_pricing_price_slot_producer,6.7797E-4
issues_discipline_marketing_management,6.7797E-4
marketing_objectives,6.7797E-4
strength_credit_rating,6.7797E-4
products_volvo,6.7797E-4
marketing_orientation_techniques_methods,6.7797E-4
competitors_examination_effectiveness_brand_auditing_questions,6.7797E-4
intelligence_processes,6.7797E-4
manner_marketing_management,6.7797E-4
firm_firm,6.7797E-4
contents_structure_marketing_strategy_implementation,6.7797E-4
variety_metrics_measure_progress_objectives_responsibility_marketing_managers_marketing_department,6.7797E-4
sales_distribution_channels_promotion_companys_implementation_choices_ps_marketing_mix,6.7797E-4
porters_forces_analysis,6.7797E-4
pay_prices_factors_resources_capabilities,6.7797E-4
profiles_competitor_market,6.7797E-4
individuals_business,6.7797E-4
purchases_price,6.7797E-4
forms_forms,6.7797E-4
comparison_profit_margin,6.7797E-4
standing_comparison,6.7797E-4
products_automobile_market,6.7797E-4
advantage_alliances,6.7797E-4
questions_business_brand_strategy,6.7797E-4
objectives_cases_marketing_management,6.7797E-4
implementation_choices_element_marketing_mix_ps_project_process_vendor_management,6.7797E-4
liabilities_audit,6.7797E-4
marketing_resources_cases_efforts,6.7797E-4
targets_score,6.7797E-4
trends_business_net_profits_return,6.7797E-4
resources_acquire,6.7797E-4
vendors_providers_firms_advertising_agency_marketers_coordinate_companys,6.7797E-4
response_ecr_inventory_management_systems_enterprise_marketing_management_marketing_effectiveness_marketing_performance_measurement_management_marketing_resource_management,6.7797E-4
competitiveness_business,6.7797E-4
marketing_management_strategy_firms,6.7797E-4
term_marketing_operations_management_marketing_resource_management_systems,6.7797E-4
erp_material_requirements,6.7797E-4
level_timing_composition_customer_demand_role_marketing_manager,6.7797E-4
business_objectives_content_marketing_plans,6.7797E-4
supply_chain_management_systems_enterprise_resource,6.7797E-4
execution_marketing_programs,6.7797E-4
kind_audit,6.7797E-4
strategy_business,6.7797E-4
business_resource_strengths_deficiencies_market_opportunities_threats_future_profitability,6.7797E-4
definition_marketing,6.7797E-4
market_marketing_analysis_companys_mission_statement,6.7797E-4
control_systems_sales_forecasts_sales_force_reseller_incentive_programs_sales_force_management_systems_customer_relationship_management_tools_crm_software_vendors,6.7797E-4
vision_statement_companys_key_objectives,6.7797E-4
tools_business_process,6.7797E-4
measurement_feedback_control_systems_marketing_management,6.7797E-4
companys_marketing_analysis_brand_audit_examination_brands_industry,6.7797E-4
executive_summary_situation_analysis,6.7797E-4
marketing_managers_focus,6.7797E-4
products_marketing_manager,6.7797E-4
companys_margin_profit,6.7797E-4
business_prices_costs,6.7797E-4
department_procurement_area_marketing_agency_management,6.7797E-4
industry_context_firm,6.7797E-4
target_customers_mind,6.7797E-4
marketing_operations_roles_brands,6.7797E-4
onsite_observation_marketing_managers_design,6.7797E-4
capabilities_achievements_attributes_business,6.7797E-4
finding,6.2239E-4
purpose,6.2239E-4
data_analysis,6.2239E-4
senior,6.2239E-4
buy,6.2239E-4
tracking,6.2239E-4
businesses,6.2239E-4
specialize,6.2239E-4
assist,6.2239E-4
social,6.2239E-4
decision_making,6.2239E-4
vice,6.2239E-4
internet,6.2239E-4
refers,5.3348E-4
potential,5.3348E-4
behaviour,5.3348E-4
junior,5.3348E-4
operational,5.3348E-4
exploratory,5.3348E-4
questionnaire,5.3348E-4
junior_analyst,5.3348E-4
collection,5.3348E-4
marketing_industry,5.3348E-4
findings,5.3348E-4
clients,4.4456E-4
questionnaires,4.4456E-4
website,4.4456E-4
designs,4.4456E-4
conclusive,4.4456E-4
shop,4.4456E-4
access,4.4456E-4
draw,4.4456E-4
motivation,4.4456E-4
serves,4.4456E-4
observations,4.4456E-4
model,4.4456E-4
coding,4.4456E-4
complex,4.4456E-4
variables,4.4456E-4
assistant,4.4456E-4
flow,4.4456E-4
identification,4.4456E-4
list,4.4456E-4
political,4.4456E-4
ads,4.4456E-4
interviewing,4.4456E-4
bb_market,4.4456E-4
procedures,4.4456E-4
study,4.4456E-4
collected,4.4456E-4
buyer,4.4456E-4
data_collection,4.4456E-4
project_manager,4.4456E-4
projects,4.4456E-4
number,4.4456E-4
controllable,3.5565E-4
marketing_project,3.5565E-4
analytical,3.5565E-4
specialized,3.5565E-4
characteristics,3.5565E-4
edge,3.5565E-4
cultural,3.5565E-4
range,3.5565E-4
conclusion,3.5565E-4
prepare,3.5565E-4
skills,3.5565E-4
airs,3.5565E-4
business_business,3.5565E-4
young,3.5565E-4
estimate,3.5565E-4
examples,3.5565E-4
copy,3.5565E-4
nature,3.5565E-4
standard,3.5565E-4
websites,3.5565E-4
marketing_researchers,3.5565E-4
respond,3.5565E-4
message,3.5565E-4
learn,3.5565E-4
marketing_problem,3.5565E-4
collect_secondary,3.5565E-4
interact,3.5565E-4
copy_testing,3.5565E-4
forecasting,3.5565E-4
define,3.5565E-4
computer,3.5565E-4
nielsen,3.5565E-4
systematic,3.5565E-4
examples_include,3.5565E-4
store,3.5565E-4
occur,2.6674E-4
applied,2.6674E-4
address,2.6674E-4
conclusions,2.6674E-4
degrees,2.6674E-4
mmr,2.6674E-4
marketing_marketing,2.6674E-4
courses,2.6674E-4
responsibilities,2.6674E-4
small_business,2.6674E-4
senior_analyst,2.6674E-4
purposes,2.6674E-4
remove,2.6674E-4
inmarket,2.6674E-4
data_processing,2.6674E-4
changing,2.6674E-4
methodological,2.6674E-4
analyze_market,2.6674E-4
analyst_analyst,2.6674E-4
sound,2.6674E-4
input,2.6674E-4
secondary_data,2.6674E-4
providing,2.6674E-4
collecting,2.6674E-4
science,2.6674E-4
branded,2.6674E-4
practice,2.6674E-4
selection,2.6674E-4
devices,2.6674E-4
specialist,2.6674E-4
audience,2.6674E-4
making_process,2.6674E-4
partners,2.6674E-4
stage,2.6674E-4
customized,2.6674E-4
motivate,2.6674E-4
panel,2.6674E-4
mobile_devices,2.6674E-4
developing,2.6674E-4
gather,2.6674E-4
segmentation,2.6674E-4
marketing_problems,2.6674E-4
master,2.6674E-4
helps,2.6674E-4
identifying,2.6674E-4
measured,2.6674E-4
bba,2.6674E-4
yield,2.6674E-4
entrylevel,2.6674E-4
advertisements,2.6674E-4
sample,2.6674E-4
population,2.6674E-4
hypothesis,2.6674E-4
primary_data,2.6674E-4
statistics,2.6674E-4
market_segment,2.6674E-4
respondents,2.6674E-4
marketing_variables,2.6674E-4
collection_analysis,2.6674E-4
editing,2.6674E-4
monitor,2.6674E-4
bc,2.6674E-4
processing,2.6674E-4
change,2.6674E-4
history,2.6674E-4
solving,2.6674E-4
pretesting,2.6674E-4
training,2.6674E-4
measuring,2.6674E-4
retail,2.6674E-4
distinction,2.6674E-4
levels,2.6674E-4
assistant_director,2.6674E-4
reliable,2.6674E-4
