knowledge,0.05368984
man,0.047549020000000004
method,0.04023173
aim,0.03644385
practice,0.03409091
practical,0.025080210000000002
phenomena,0.02390374
order,0.02129233
applied,0.0198574
systematic,0.01750446
developing,0.01632799
basic,0.01606952
stock_knowledge,0.013716579999999999
stock,0.013716579999999999
increase,0.01254011
general,0.01254011
facts,0.01254011
including,0.01254011
project,0.01254011
models,0.01254011
creative,0.01254011
investigation,0.01228164
undertaken,0.01228164
tools_methods,0.01136364
disease,0.0099287
basis,0.0099287
include,0.0099287
increase_stock_knowledge,0.00875223
basis_order,0.00875223
systems,0.00875223
creative_undertaken,0.00875223
order_increase_stock,0.00875223
order_increase,0.00875223
increase_stock,0.00875223
basis_order_increase_stock_knowledge,0.00875223
order_increase_stock_knowledge,0.00875223
basis_order_increase_stock,0.00875223
basis_order_increase,0.00875223
purpose,0.00849376
development,0.00823529
experimental,0.00823529
behaviour_entity,0.00757576
testing,0.007317290000000001
theoretical,0.00614082
processes,0.00614082
components,0.00614082
activities,0.00614082
experimental_development,0.00588235
including_knowledge_man,0.00496435
systematic_basis,0.00496435
undertaken_systematic_basis,0.00496435
stock_knowledge_devise,0.00496435
undertaken_systematic,0.00496435
stock_knowledge_including_knowledge,0.00496435
society,0.00496435
activity,0.00496435
experience,0.00496435
society_stock,0.00496435
knowledge_devise,0.00496435
creative_undertaken_systematic_basis,0.00496435
knowledge_including_knowledge_man,0.00496435
set,0.00496435
creative_undertaken_systematic,0.00496435
specific,0.00496435
society_stock_knowledge,0.00496435
comprise,0.00496435
culture_society,0.00496435
knowledge_man,0.00496435
culture_society_stock_knowledge,0.00496435
including_knowledge,0.00496435
objective,0.00496435
situations,0.00496435
stock_knowledge_including,0.00496435
software,0.00496435
specific_practical,0.00496435
basic_applied,0.00496435
revealed,0.00496435
devise,0.00496435
increase_stock_knowledge_including,0.00496435
knowledge_including_knowledge,0.00496435
published,0.00496435
patients,0.00496435
diseases,0.00496435
culture_society_stock,0.00496435
systematic_basis_order,0.00496435
undertaken_systematic_basis_order,0.00496435
data,0.00496435
culture,0.00496435
defines,0.00496435
knowledge_including,0.00496435
society_stock_knowledge_devise,0.00496435
systematic_basis_order_increase,0.00496435
advanced,0.00496435
manual,0.00470588
frascati_manual,0.00470588
frascati,0.00470588
knowledge_prediction_behaviour_aspect_phenomenon,0.00378788
methods_decisions,0.00378788
wikipedia_states,0.00378788
practitioner_specialist_knowledge_experience_tools_methods,0.00378788
mans_desires,0.00378788
researchers_curiosity_hunch,0.00378788
collins_paperback,0.00378788
subject_vaishnavi_kuechler_fine_activity,0.00378788
earthquakes_diseases,0.00378788
man_purpose,0.00378788
resource_allocation,0.00378788
behaviour_change_entity,0.00378788
lives_change_phenomenon,0.00378788
treat_patients,0.00378788
phenomena_types,0.00378788
tion_models_methodologies,0.00378788
data_test_claims_prescriptions_justification_process_discovery_process_measure_quality_quality_piece,0.00378788
subject_sense,0.00378788
phenomena_science,0.00378788
relations_variables_exploratory,0.00378788
phenomenon_set_behaviours_entityies,0.00378788
sense_body_knowledge_office_innovation_edith_cowan_university_state,0.00378788
models_systems,0.00378788
problem_class,0.00378788
advance_practice,0.00378788
attempt_model,0.00378788
body_knowledge_author,0.00378788
potential_practice_operations_institute_operations_management_sciences_informs_scribes_discipline,0.00378788
distinction_viewpoint,0.00378788
design_science,0.00378788
tools_software,0.00378788
phenomenon_definitions_reading_firstyear_textbook_student_vaishnavi_kuechler,0.00378788
entitys_behaviour,0.00378788
complex_situations_operations_executives_power,0.00378788
justification_process_testing_claims_validity,0.00378788
approach_kinds_things_journal_reviewers,0.00378788
basis_order_increase_stock_knowledge_abstracts_volume_management_science,0.00378788
practice_projects,0.00378788
science_measure_claims_theories,0.00378788
researchers_increase,0.00378788
activities_discovery_justi_fication_discovery_process,0.00378788
claim_methodologies_prescriptions,0.00378788
explanation_techniques,0.00378788
systems_practitioner,0.00378788
objective_advancement_knowledge,0.00378788
cure_kinds_phenomena_simon,0.00378788
knowledge_man_sic_culture_society_stock_knowledge,0.00378788
science_process,0.00378788
knowledge_organisation,0.00378788
articles_articles_articles_management_articles,0.00378788
predictions_future_observations_operations,0.00378788
reasons_gain,0.00378788
claims_process,0.00378788
fields_components_discipline_practice_discipline_tools_methods_discipline_analogy_practice_medicine,0.00378788
aim_gain_knowledge_sake_gain,0.00378788
methodologies_prescriptions_literature,0.00378788
order_change_behaviour_entity,0.00378788
rigour_relevance,0.00378788
types_positivist_interpretivist_viewpoints_authors,0.00378788
actives_difference_medicine_medicine_claim_practice_operations,0.00378788
order_gain,0.00378788
standard_tool,0.00378788
processes_disease,0.00378788
viewpoints_methodologies,0.00378788
science_perspective_projects,0.00378788
occurrence_earthquakes,0.00378788
term,0.00352941
routine,0.00352941
antibody,0.00352941
routine_testing,0.00235294
directed,0.00235294
regional,0.00235294
units,0.00235294
drug,0.00235294
statistics,0.00235294
formal,0.00235294
applied_experimental_development,0.00235294
original,0.00235294
acquire_knowledge,0.00235294
acquire,0.00235294
products,0.00235294
clinical,0.00235294
purposes,0.00235294
covers,0.00235294
basic_investigation,0.00235294
applied_experimental,0.00235294
materials,0.00235294
