decision,0.60520385
analysis,0.27629719999999997
data,0.25307911
engineering,0.20796545
design,0.18488059
management,0.17084729999999998
engineering_principles,0.14868287
engineering_principles_design,0.14432557
dss,0.12187959
making,0.11496138
decisions,0.10626316
decision_analysis,0.0715078
method,0.07024485
support,0.06301720999999999
google,0.06269292
business,0.061766909999999994
approach,0.05905884
visual,0.058881649999999994
problem,0.05753666
table,0.05306896
tool,0.052537139999999996
process,0.05212965
decision_making,0.05083756
decision_engineering,0.04909956
decisionmaking,0.0486599
alternative,0.04799186
software,0.04755502
organization,0.046981919999999996
ratio,0.045359050000000005
systems,0.03884138
decision_support,0.03778401
based,0.037572310000000005
alternatives,0.03621415
methods,0.03529712
include,0.034981519999999995
step,0.030822640000000002
problems,0.030223390000000003
analytic,0.029789120000000002
web,0.02957576
risk,0.02872181
tools,0.028555990000000003
utility,0.02670179
number,0.02567059
visualization,0.0255102
methodology,0.02392607
choice,0.02233684
presentation,0.0210372
technique,0.020816889999999998
organizations,0.02041758
fusion_tables,0.02040816
operators,0.02040816
google_fusion,0.02040816
fusion,0.02040816
tables,0.02040816
knime,0.02040816
google_fusion_tables,0.02040816
science,0.01943835
expert,0.01930933
language,0.01889762
kepnertregoe,0.01804124
matrix,0.01804124
network,0.01726755
knowledge,0.01713953
report,0.01677455
optimization,0.01644087
planning,0.0157096
options,0.01546392
leaders,0.01546392
gut,0.015411320000000001
programming,0.01530612
complete,0.01513689
users,0.014899430000000002
theory,0.01472632
list,0.01347013
multiple,0.013171410000000001
quality,0.013171410000000001
references,0.012901160000000002
mistakes,0.0128866
limit,0.012781400000000002
representation_decision,0.01239669
decision_support_systems,0.01174743
logic,0.01162889
representing,0.01107924
prior,0.010945410000000001
decision_makers,0.01071617
support_decision,0.01071617
sba,0.01030928
kepnertregoe_matrix,0.01030928
criteria,0.01024975
check,0.01020408
files,0.01020408
science_report,0.01020408
data_science,0.01020408
instance,0.01020408
modeling,0.01020408
modeling_data,0.01020408
reasoning,0.00998686
decisionmaking_process,0.00964036
dms,0.00954198
variety,0.009450239999999999
concept,0.00939872
technical,0.009385250000000001
numerical,0.00935073
evaluation,0.009254080000000001
includes,0.00917365
multiattribute,0.00890059
approach_decision,0.008888199999999999
engineering_decision,0.00841544
contents,0.00841544
evaluating,0.00836809
decision_design,0.00800438
choosing,0.007981809999999999
included,0.00791682
focus,0.0078562
examples,0.0078562
citation,0.00773413
decision_matrix,0.00773196
business_leaders,0.00773196
involved,0.00734568
popular,0.00686053
preference,0.0065902800000000004
aspects_decision,0.00631088
decision_engineering_decision,0.00623679
business_decision,0.0062244
calculations,0.005738170000000001
uncertainty,0.00540449
addition,0.0053921
decision_sba,0.00515464
risk_analysis,0.00515464
mapping_software_plays,0.00510204
program_rs_optim_package_solver,0.00510204
python_text_mining_chemistry_data_option,0.00510204
problem_increase_java_heap_space,0.00510204
tool_list_instance_map_oil_platforms_gulf_mexico,0.00510204
data_analysis,0.00510204
market_solver_solver_optimization,0.00510204
tableau_public_tableau,0.00510204
set_constraints_dont,0.00510204
kdnuggets_software_poll,0.00510204
computer_process,0.00510204
instance_data_science_report,0.00510204
google_exact,0.00510204
filter_google,0.00510204
blocks_code_drop_nodes_canvas_drag_connection_points_activities,0.00510204
programming_tool,0.00510204
cousin_google_fusion_tables,0.00510204
presume_report_pdf_science_report_siteabcconsultingcom_filetypepdf,0.00510204
chemical_names,0.00510204
rows_spellings_capitalization_spaces,0.00510204
journey_openrefine_googlerefine_openrefine_data_cleaning_software,0.00510204
tool_data,0.00510204
calculus_homework_business_users_presents_charts_graphs,0.00510204
tableau_publics_row_limit,0.00510204
highlight_matter_minutes_importio,0.00510204
analytics_process_tableaus_visuals,0.00510204
endeavor_google_fusion_tables,0.00510204
remarks_wolfram_alpha,0.00510204
importio_dig_scrape,0.00510204
check_node_graph_google_fusion_tables_visualization_gephi_importio_web,0.00510204
files_google,0.00510204
range_problems_wolframalpha_wolfram_alphas_engine_webs,0.00510204
modeling_data_rapidminer,0.00510204
google_spreadsheets,0.00510204
power_apples_siri,0.00510204
quirk_software_rapidminer_knime_rapidminer,0.00510204
hypothesis_sanity_check_gut,0.00510204
dataset_visualization_mapping,0.00510204
resource_operators_step_operators,0.00510204
analysis_file_reader_csv_reader_csv_files,0.00510204
data_analyze,0.00510204
latitude_longitude_data_nodexl_nodexl_visualization_analysis_software_networks_relationships_giant_friendship_maps,0.00510204
nerds_importio_harvest_data_websites_forums,0.00510204
tool_data_analysis,0.00510204
analysis_cleaning_database,0.00510204
bar_tools_limit_operators,0.00510204
upload_google_fusion_tables,0.00510204
openrefine_number_clustering_algorithms_groups_entries,0.00510204
visualization_analysis,0.00510204
instructions_knime_knime,0.00510204
insights_data_visualization,0.00510204
export_google_operators_google,0.00510204
connections_nodexl,0.00510204
rank,0.00508906
ahp,0.00508906
analytica,0.0050414200000000004
project,0.0050414200000000004
intelligent,0.0050414200000000004
decision_problem,0.00484526
super,0.00476836
commonly,0.00476836
mcda,0.00476836
airm,0.00476836
individuals,0.00476836
sound,0.00476836
replace,0.00476836
graphic,0.00476836
number_decision,0.00475597
tools_decision,0.00475597
logical,0.00468188
features,0.00464909
preferences,0.00448572
decision_suggestions,0.00440529
forest_management,0.00440529
decisions_complex,0.0043573
examples_include,0.00420912
probabilities_decision_makers_attitude_risk,0.00413223
decisions_video,0.00413223
procedures_methods_tools,0.00413223
aspiration_levels_decision_analysis_advocates,0.00413223
answers_question_decisions_dont_targets,0.00413223
decision_analysis_da_discipline,0.00413223
decision_consequences_maximum,0.00413223
optimization_methods_methods,0.00413223
flaws_decisions_critics,0.00413223
manner_decision_analysis,0.00413223
alternatives_decision_maker_uncertainty_face_evaluation_measures,0.00413223
outcome_uncertainties,0.00413223
links_history_methodology,0.00413223
software_decision_model_decision_quality_decision_support_decision_theory_influence_diagram_management_science_micromort_multiplecriteria_decision_analysis_mcda,0.00413223
methods_types_decisions_choice_decision_analysis_cycle_decision_engineering_decision,0.00413223
corporations_multibilliondollar_capital_investments_chevron,0.00413223
chevrons_decision_analysis_chevron_vice_chairman_george_kirkland_notes_decision_analysis_chevron_business,0.00413223
prescription_actions,0.00413223
representation_decision_recommendation_decision_maker_stakeholders_contents_history_methodology_controversy_references_reading,0.00413223
methods_variety_fields,0.00413223
aspiration_level_decision,0.00413223
sound_logic,0.00413223
reason_works_controversy_decision_analysis,0.00413223
individuals_decisions_decision_analysis,0.00413223
utility_action_axiom,0.00413223
philosophy_theory_methodology,0.00413223
decisions_cases_decisions,0.00413223
economics_attempt,0.00413223
intuition_term_decision,0.00413223
decision_researchers,0.00413223
utility_functions_risk,0.00413223
phenomenon_paralysis_analysis_consequence_overreliance_decision_analysis_organizations_studies,0.00413223
influence_diagrams_decision_trees_tools,0.00413223
marketing_negotiation,0.00413223
representation_decision_analysis_problems,0.00413223
utility_decision_analysis,0.00413223
remediation_health_care_management_energy_exploration_litigation_dispute_resolution_decision_analysis,0.00413223
practice_address_decisions,0.00413223
highstakes_decisions_pressure_decision_analysis_decision_analysts_turn,0.00413223
uncertainties_distinction,0.00413223
decision_analysis_society_practice_award_decision_analysis,0.00413223
cases_utility_functions,0.00413223
utility_functions_attitude_tradeoffs,0.00413223
citation_needed,0.00408705
needed,0.00408705
decisionmaker,0.00401296
choose_alternatives,0.00384958
choose,0.00384958
