storage_processing,1.0
bytes_data,1.0
programming_lan_guages_tools_web_cloud_paradigms,1.0
inmemory_data_data,1.0
dependency_relationships,1.0
expertise_future,1.0
response_rates,1.0
data_architecture,1.0
platforms_software_components,1.0
streaming_analytics_systems_flume,1.0
hadoop_enterprise,1.0
queries_sql_range_queries,1.0
public_license,1.0
complex_datasets_paas_model_data_analytics_programming_suites_environments_data_mining_developers_design,1.0
ondemand_performance_storage_scalability_actianlogo_actian_actians_vortex,1.0
mapreduce_hadoop,1.0
realtime_transactions_cassandra_analytics,1.0
platform_hadoop_solutions_cluster_installations,1.0
fortune_companies_startups,1.0
apps_er_process_data,1.0
hana_platform,1.0
supports_products_hadoop_pig,1.0
analytics_text_analytics_solutions_microsoft_bigdata_microsoft_azure,1.0
data_analytics_platform_amdocs,1.0
infrastruc_ture,1.0
deployments_datameer_ing_features,1.0
enterprise_technology,1.0
companies_drive_business,1.0
users_knowledge_programming,1.0
utilization_reliability_agility_syncsort_bigdata_syncsort_hadoop_solutions,1.0
user_experience_qlikviews_inmemory_architecture_qlikview,1.0
insights_hp_vertica_dragline_organizations_store_data_cost,1.0
tutorials_video_demos_guides,1.0
data_analytics_platforms_software_order_ibm_bigdata_analytics_ibm_bigdata_analytics_solution_portfolio_infosphere_streams_infosphere_biginsights_ibm_watson_explorer_ibm_puredata,1.0
data_platform_works,1.0
license_mongo,1.0
analytics_packages,1.0
programmer_data_mining_researcher,1.0
spot_trends,1.0
analytics_data_analytics_platform,1.0
mining_prov_enance_data_solutions_ing_data_privacy_security_concerns,1.0
genomics_network_intrusion_bioinformatics_data,1.0
years_solutions,1.0
tasks_complexity,1.0
data_platform_flytxt_amdocs_cisco_bigdata_platfora_ge_bigdata,1.0
accessibility_informatica_claims_times_er,1.0
suite_products,1.0
platform_architecture_cpa,1.0
amounts_storage,1.0
opensource_software,1.0
analysis_account_addition_characteristics_deal_variability_data_capture_volume,1.0
complex_datasets,1.0
intel_bigdata_intel_portfolio_technology_products_intel_xeon_processors_gigabit_server_adapters_ssds_intel_distribution,1.0
data_analytics_tools_extract,1.0
sas_enterprise_miner_sas_highperformance_data_mining_sas_model_manager_sas,1.0
computer_ieee_cloud_computing_initiative_ieee_cci,1.0
data_platform_csc,1.0
capture_analysis_data_realtime_internetofthings_ibms_analytics,1.0
infrastructure_disposal,1.0
cassandras_properties,1.0
data_relationships,1.0
quantities_data_sets_terabytes_petabytes,1.0
data_hpcc_systems_opensource_platform,1.0
analytics_chain,1.0
highperformance_virtualization_layer_abstracts_server_hardware_resources,1.0
quantity_variety_changeability_data,1.0
datasets_alteryx_bigdata_alteryx_bigdata_solution_access_integration_cleaning_sources_data,1.0
management_expert_support_datastax_enterprise,1.0
bdpmicrobd_microsoft_microsofts,1.0
data_computing_storage_connectivity,1.0
data_analytics_pentaho,1.0
google_decades,1.0
steps_data_analytics_data_access,1.0
data_volumes,1.0
approach_enterprisegrade_cloud_security_reliability_interoperability,1.0
source_businesses_capture,1.0
highperformance_enterprise_architectures,1.0
access_rights,1.0
facility_load,1.0
analytics_process,1.0
cloud_platform_pro,1.0
easytouse_design_tools_programming,1.0
datacenters_cloud_mongodb_logo_mongodb_mongo,1.0
nikon_china_telecom_ge_transportation_conclusion,1.0
analytics_ecosystem_hardware_bi_tools_ge_bigdata,1.0
sgi_bigdata_sgi_infinitedata_cluster,1.0
cloud_efforts_ieee_stc_visit_computerorgcc_performance_design_execution_complex_data_mining_workflows,1.0
relationship_ease_workflow_composition_users_monitor_execution_resource_icon_tagthe_checkmarks_figure,1.0
resources_manpower_analysis_manual,1.0
millions_postcards,1.0
programming_interface_data_analysis_tasks,1.0
algorithms_machine,1.0
data_platforms_software,1.0
queries_roxie_hpcc_systems_opensource_platform,1.0
machines_runs_hadoop_workloads_vsphere,1.0
budgets_infrastructure_skillset_team_things_solutions_offthepeg,1.0
inmemory_architecture,1.0
enterprises_leap_hurdles_data_bdpaas_enterprises,1.0
patterns,1.0
data_analytics_frameworks,1.0
bigdata_platforms_bigdata_analytics_software,1.0
data_provider_builds_platform_hadoop_informatica_options,1.0
data_dell_bigdata_analytics_hpcc,1.0
intelligence_engine_combines,1.0
context_signals,1.0
access_realtime_gooddata,1.0
analytics_actian_analytics_platform_mapr_tableau_software_bigdata_qlikview_bigdata_attivios_bigdata_datastax_bigdata_gooddata_google_bigdata_datameer_csc,1.0
cars_sensors,1.0
realtime_analysis_mongodb_mongodb,1.0
process_optimization_classification_addition_veracity,1.0
data_data_warehouse_stores,1.0
hadoop_clusters_realtime_streaming_data_petabyte_scale_data_warehousing_orchestration_cloudera_enterprise_bigdata_cloudera_enterprise_cdh_source,1.0
insights_business_situation,1.0
size_complexity_mix,1.0
content_hadoop,1.0
combination_gnu,1.0
public_cloud_environment_oracle_bigdata_analytics_oracle_bigdata_analytics_solutions,1.0
datasets_cloud_recommendations,1.0
costs_guavus_bigdata_guavus,1.0
workflow_paradigm,1.0
devices_qlikview_logo,1.0
fluid_snapshots_veracity_data,1.0
security_scalability_sql_support_data_actian_thousands_bigname_customers,1.0
vsphere_virtualise_hadoop,1.0
oracle_hadoop_data_integration_data,1.0
data_biginsights_cloud_biginsights_cloud_benefits,1.0
woodrow_wilsons_election_president_volumes_data,1.0
data_sets_actians,1.0
solution_platform,1.0
bigdata_google_bigquery_pentaho,1.0
organisations_gain,1.0
scale_tableau_supports_databases_formats,1.0
apaches_hadoop_approach,1.0
analytics_fico_solution,1.0
cloud_visualization,1.0
programming_interface,1.0
data_analytics_products_scale,1.0
cloud_activities_ieee_computer_society,1.0
programming_model,1.0
management_data_management_tools,1.0
data_scale,1.0
hadoop_scidb_proprietary_solutions,1.0
datastax_boast,1.0
business_advantage,1.0
architecture_intel,1.0
articles_publication_cloud_cover_column_questions,1.0
data_datastax,1.0
customer_support_ideal_choice,1.0
array_sources,1.0
companies_google_ibm_emc_bigml_splunk_storm_kognitio_insightsone_platforms,1.0
datacenters_language_tool_framework,1.0
clouds_scalability_data_storage_processing_power,1.0
muxo_muhpc_mutext_muxo,1.0
dellsoftwarelogo_dell,1.0
platforas_technology,1.0
data_analytics_completion_developers_design_table,1.0
approach_organisations_requirements_amazonwebservicesorig,1.0
platfora_hadoop,1.0
core_databases,1.0
set_depen_dencies_elements_researchers,1.0
scale_architectures_fusion,1.0
profusion_kinds,1.0
branches_iterations,1.0
hadoop_source_framework,1.0
analytics_text_documents,1.0
companies_today_sas_bigdata_analytics_sas_bigdata_analytics_solution_portfolio_credit,1.0
data_stores,1.0
opinion_polling,1.0
approach_hadoopasaservice,1.0
hadoop_enterprisegrade,1.0
source_attivios_bigdata_attivios,1.0
data_solution,1.0
community_cs_cloud_computing,1.0
data_mining_cloud_framework_tinyurlcomcbfk,1.0
device_platform,1.0
data_teams_insights,1.0
hadoop_complex_actians_platform,1.0
development_key_areas_programming_abstracts,1.0
volume_data_streams_realtime,1.0
capabilities_business_intelligence_enterprise_business_analytics_data_warehousing_process_automation,1.0
hadoop_organizations_enterprise_grade,1.0
data_quality_data_mapr_mapr_distribution,1.0
web_browser_data_analytics_platform_ser_viceprovides,1.0
advent_internet_er_computing,1.0
infrastructure_cisco,1.0
internet_enterprises,1.0
serverless_architecture_backend_infrastructure,1.0
cloud_infra_structure_data_storage_data_mining_developers_data_scientists_data_analytics_infrastructure_set,1.0
data_warehouses_hadoop_clusters_hybrid_approach,1.0
business_data,1.0
data_data,1.0
datasets_cloud,1.0
cloud_programming_management,1.0
solutions_governance_integration_security_operations_fico_bigdata_analytics_fico,1.0
survey_place,1.0
intelligence_engine_aie,1.0
database_structures,1.0
data_analytics_workflows_developers_workflows_complex_graphs,1.0
data_processing_amdocs,1.0
picture_velocity_data_change,1.0
analytics_platforms_today,1.0
data_specialist_companies,1.0
computing_analytics_data_advantage,1.0
software_hardware,1.0
data_edition,1.0
data_mining_techniques_tools_extract,1.0
bigdata_analytics_platform_memory_platform,1.0
platformasaservice_paas,1.0
challenges_data,1.0
ieeesource_systems,1.0
business_practices,1.0
data_storage,1.0
range_platforms_companies_harvest_data,1.0
researchers_port,1.0
iq_column,1.0
hadoop_experts_informatica_experts,1.0
data_terms_characteristics_volume_terabytes_petabytes_data,1.0
computing_tools,1.0
set_saas_suites,1.0
hardware_space_dell,1.0
sql_query_language_bigquery_developers_businesses_tap,1.0
solution_advantage,1.0
status_resource,1.0
support_community_advocacy_hortonworks_data_platform_hdp_platform_multiworkload_data_processing_array_processing_methods_batch,1.0
hadoop_infosphere_streams,1.0
rise_future_size_dataset,1.0
data_mining_task_data_sources_users_analytics_managers_data_analysts_data_analytics_platform_data_analysis_suite_framework_programming,1.0
performance_edition_hadoop_sql_edition_cloud_editionextreme_performance_edition,1.0
revenues_drive_business_efficiency,1.0
trend_data_analytics_models_developers_researchers,1.0
supports_etl_extraction_transformation,1.0
approach_blocks_platform,1.0
data_sets,1.0
analytics_hadoop_sql_edition,1.0
online_interactions_bigquery_google_bigquery_google,1.0
google_analytics_package_crunch,1.0
qlikview_qlikview,1.0
framework_customers,1.0
software_saas_platform_paas_infrastructure_iaas_models,1.0
bigdata_analytics_microsoft_bigdata_oracle_bigdata_analytics_talend_studio_teradata_bigdata_analytics_sas,1.0
text_analytics,1.0
memory_platform,1.0
servers_comcbfk,1.0
data_word_processor_documents_spreadsheets,1.0
data_analytics_platform_flytxts,1.0
nodes_dram_energy_power,1.0
web_familiarity_sql,1.0
access_controls_auditability_splunk_hadoop_nosql_data_stores,1.0
task_interoperability_execution_scalability,1.0
monitor_aspects_performance_markets_change_momenttomoment_scale_data,1.0
struc_tures_mapreduce_model_clusters_clouds,1.0
volume_velocity_andor_variety_assets,1.0
computing_systems,1.0
data_isnt,1.0
data_analytics_solutions_cloud_saas_model,1.0
users_switch,1.0
frameworks_key_components_bi_solution,1.0
storage_computing,1.0
business_activities,1.0
complex_process_data_sources,1.0
data_analytics_environment,1.0
functions_statistics_distribution_analysis_correlation_variancepredictive_modeling_forecasting,1.0
data_projects_mu_sigma_bigdata_mu_sigmas_platforms_data_sciences,1.0
fashion_roxie_programming_language_enterprise_control_language_ecl_program_data_processing,1.0
data_analytics_models_data_analytics_software_ser_viceprovides,1.0
realtime_range_data_stores_offpremises_sources_techniques,1.0
lifecycle_enterprise_boundaries_talends_products,1.0
attiviosmallprtrim_attivio_attivios,1.0
data_sources_interaction_storage_kind_task_hand_photo_tableau_software_tableau_flexibility_data_tableaus_servers_desktop_visualisation,1.0
community_cs_ccstc,1.0
data_tools_hadoop,1.0
business_insights_data_types,1.0
set_studies_framework,1.0
platform_solution,1.0
analytics_researchers,1.0
quantities_qualities_data,1.0
cisco_bigdata_cisco_ucs,1.0
software_sense_data,1.0
data_architecture_bigdata_analytics_teradata_aster_platform_ease,1.0
volumes_data_actian_analytics_platform_actian_analytics_platform,1.0
iaas_model,1.0
analysis_visualisation,1.0
nosql_database,1.0
data_solutions_customers,1.0
hadoop_informatica,1.0
deployment_management_providers_tools_components_architecture_platforms_technology_stacks,1.0
hadoop_data,1.0
decisions_business,1.0
data_technology,1.0
data_lifecycle_data_source,1.0
web_cloud,1.0
cloud_cloudcovercomputerorg,1.0
support_interoperability_ease_operation_teams_usingdifferent_data_formats_tools_integration,1.0
century_years,1.0
clustering_analysis_markov_chains,1.0
extract_store_signals_supports_deployment_signal_apps_redhat_bigdata_majority,1.0
cloud_storage_iaas,1.0
platform_data_management_integration,1.0
bigdata_solution_enterprise_nosql_database,1.0
regression_machine,1.0
cost_complexity_infrastructures_database,1.0
customers_context_store,1.0
bigdata_vmware_bigdata_syncsort_bigdata_sgi_bigdata_mongodb_guavus_bigdata_alteryx_bigdata_data,1.0
cassandra_source_enterpriseready_platform,1.0
data_server_nodes_memory_processing_power_node_increases_storage_capacity_database,1.0
environment_google_cloud_platform_leads_industry_ability,1.0
language_processing_machine,1.0
studies_biosciences_energy_physics,1.0
architecture_capacity,1.0
windows_business_users_hadoop_gain_insights_data_standard_tools,1.0
focus_business,1.0
volume_velocity_variety_voracity_data_platform,1.0
data_analytics_cloud_model_features_users_data_analytics_software,1.0
hadoop_platform_csc,1.0
computation_methods_complex_simulation_techniques_workflows,1.0
rivals_img_data,1.0
yarn_hdfs_mapreduce,1.0
speed_performance,1.0
workflow_composition_interface_aim,1.0
infrastructure_hp,1.0
datasets_analytics,1.0
presents_walkthrough,1.0
data_analysis_frameworks_column_contributions,1.0
data_analysis_packages,1.0
analytics_infosphere_server_infosphere_master_data_management_hp_bigdata_hps_bigdata_analytics_solution_hp_haven_hp_vertica_hp_haven_platform,1.0
universe_ibm_bigdata_analytics_hp_bigdata,1.0
number_factors,1.0
business_processes_problem,1.0
data_analytics_platform_kinesis_emr_cloud,1.0
economies_scale_uptime,1.0
database_server_suite_vmware_bigdata_vsphere,1.0
hybrid_approach,1.0
data_hygiene_data,1.0
programming_tuning,1.0
memory_response_queries_memory_management_laptoppc_memory,1.0
cs_members_nonmembers_stcs,1.0
papers_site_hpx_hp,1.0
query_capability,1.0
integra_tion,1.0
data_ing_platform_workshops,1.0
hadoop_solution_bigdata_analytics_solutions,1.0
customer_experience_cisco_bigdata_cisco,1.0
benefit_users,1.0
fusionio_bigdata_fusionio_solutions,1.0
parallel_inmemory_data_store_architecture_companies,1.0
rdbms_metadata_store_inmemory_database,1.0
higherlevel_models_tools_data_tool_interoperability_openness_interoperability,1.0
modeling_visualization_capabilities,1.0
things_datastax_logo,1.0
visualisation_data,1.0
google_analytics_bigquery_order_magnitude_data,1.0
number_data_sources_access_software_proprietary,1.0
data_vmware,1.0
size_datasets_deal,1.0
data_microstrategy_bigdata_microstrategy_bigdata_solution,1.0
design_patterns,1.0
customer_experience,1.0
functionality_cloud_computing,1.0
data_analysis_frameworks_data_mining_programmers_data_management_developers_data_mining_researchers_clo_ud_ov_er_figure_data_analysis_workflow_data_mining_cloud_frameworks,1.0
datasets_googles_infrastructure,1.0
endtoend_gooddata_gooddata_google_bigdata_google_cloud_platform_surfaces,1.0
volume_data,1.0
data_package_enterprises_trends,1.0
accelerator_sas_text_miner_sas,1.0
business_approach_supports_data_analytics_design,1.0
tax_payment_collection_market_sales,1.0
flexibility_storage_management,1.0
master_data_management_enterprise_bus_deployment,1.0
smallscale_undertakings_limitations,1.0
forms_processing,1.0
software_source_platform,1.0
data_mining_programming_tools_strategies_cloud,1.0
data_harvest,1.0
analytics_hundreds_thousands_users_fraction_cost_approaches_opera_solutions_bigdata_opera_solutions_bigdata_solution_vektor,1.0
data_management_integration_projects_talend,1.0
effort_requirements_insights,1.0
paas_programming_environment,1.0
lies_insights,1.0
data_community_forum_online_support_centre_assistance_set,1.0
nature_data_quality,1.0
data_analytics_projects,1.0
qliks_customers,1.0
data_analysis,1.0
data_solutions_hadoop_cloud,1.0
adoption_barrier_businesses,1.0
data_variety_dataset_forms_data,1.0
mapreduce_muhpctm_algorithms_leverage_power_parallel_computation_mu_sigmas_text_mining_engine,1.0
resources_devel_opers_computing_infrastructure_data_mining_imple_ment_data_analytics_systems_scratch_users_goal_form_complex_data_analysis_cloud_computing,1.0
computers_january_issue_murugesan_table_developers,1.0
data_solutions,1.0
hadoop_hp,1.0
sources_machine_sensors_text_documents,1.0
generation_analytics_editions,1.0
carlo_simulations_principal_component_analysis_functions,1.0
laboratory_data_sources_tools_data_mining_algorithms_filters_data_splitters,1.0
data_analysis_hpcc_systems_opensource_platform,1.0
machines_cloud_figure_data_analysis_workflow_data_mining_cloud_frameworks,1.0
billions_rows_seconds,1.0
data_hadoop,1.0
web_cloudera_enterprise_bigdata_hortonworks_data_platform_fico_bigdata_analytics_cisco_bigdata_splunk_bigdata_analytics_fusionio_bigdata_intel_bigdata_mu_sigma_bigdata_microstrategy_bigdata_opera_solutions_bigdata_redhat_bigdata_informatica_bigdata,1.0
data_analytics_platforms_hortonworks_vertica_lexisnexis_hpcc_hadoop,1.0
access_functionality,1.0
cloudera_software_framework,1.0
redhatlarge_redhat,1.0
management_capabilities,1.0
hat_enterprise_linux_excels,1.0
software_package_cms_intel,1.0
analyses_machine_data_realtime,1.0
number_worlds,1.0
times_factors,1.0
security_combination,1.0
hadoop_management_splunk_db,1.0
data_partner_ecosystem_cisco_ucs,1.0
datameer_datameer,1.0
informaticacloud_informatica,1.0
insights_hybrid_architecture,1.0
visualisations_polybase,1.0
set_source_products,1.0
multiterabyte_datasets_seconds_google,1.0
scale_clusters,1.0
sql_server_microsofts_solution,1.0
data_deployments,1.0
data_analysis_data_refinery_engine,1.0
database_choice_online,1.0
tableau_software_bigdata_tableau_software_bigdata_solutions,1.0
industry_leaders_number_awards_gartner_emphasis_usability,1.0
mongodb_cassandra_nosql_databases_hbase,1.0
daytoday_millions_businesses_hosts,1.0
bigdata_analytics,1.0
storm_hadoop_ecosystemplatform_spotfire_azure_data_analytics_platforms_hdinsight_aps_pdw,1.0
daddy_internet,1.0
multimillion_row_tables,1.0
data_companies_ibm_builds_ings_hadoop,1.0
hadoop_cloud_providers_altiscale_bigstep_datameer,1.0
oracle_database_oracle_nosql_database_mysql_mysql_cluster_oracle_event_processing_oracle_nosql_database_oracle_coherence_oracle_endeca_database_analytics_talend_studio_talend_studio,1.0
types_data_hadoop_scale,1.0
number_users,1.0
informationdriven_apps,1.0
majority_traffic_engine,1.0
gb_ram_server,1.0
analytics_business_intelligence_tools_fico_data_orchestrator_fico_decision_management_platform_fico_decision_optimizer_fico_model_builder_fico_model,1.0
sources_support_business_intelligencedata_visualization_tools_datastax_bigdata_datastax_enterprise_dse,1.0
data_mining_algorithm,1.0
data_analytics_demand_multiterabyte_datasets_seconds_pentaho,1.0
data_engine_compress_data_factor_tb,1.0
data_implementations_linux,1.0
vmwarelogo_vmware,1.0
enterprise_data_palantir_metropolis_ntegrate,1.0
data_analytics,1.0
data_palantir_bigdata,1.0
workload_performance_deficiencies,1.0
performance_downtime_gooddata_gooddata_platform_portfolio_tools,1.0
data_management_tools_techniques_term,1.0
cloud_computation_data_management_infrastructure,1.0
nature_data,1.0
source_ecosystem_projects,1.0
oracle_database_hadoop_cluster_support,1.0
data_platform_bdpaas,1.0
development_environment,1.0
hat_enterprise_linux,1.0
box_data_delivery_engine_roxie,1.0
data_business_analytics_platform_hpcc_systems,1.0
elements_data_centre_blocks,1.0
analytics_data,1.0
data_management_integration_enterprise_ecosystem_splunk_bigdata_analytics_splunk_portfolio_bigdata_analytics_software_hunk_splunk_analytics_hadoop_nosql_data_stores_splunk_hadoop,1.0
volumes_complexity,1.0
technology_experiences,1.0
types_data_er,1.0
edge_nodes,1.0
types_data,1.0
hadoop_adoption,1.0
sentiment_analysis,1.0
solution_supports,1.0
data_techniques,1.0
volumes_data,1.0
teams_startups,1.0
gooddata_gooddata_allinone_cloud_analytics_platform_range_customers_hp_nestle,1.0
data_project_ing_speed_scalability,1.0
store_process,1.0
data_mapr_packages,1.0
ibmbigdatamobileheader_ibm,1.0
data_analytics_knowledge_techniques,1.0
solution_fico,1.0
market_leader,1.0
infrastructures_analytics_support,1.0
cloud_platform,1.0
decision_optimization_engine,1.0
set_enterprise_data_products_mpp_column_store_databases_inmemory_data_processing_hadoop_google_bigquery_google_bigquery_web,1.0
data_appliance_oracle_exadata_database_machine_oracle_exalytics_inmemory_machine,1.0
workloads_technologies,1.0
collaboration_teammembers,1.0
data_analytics_platform,1.0
businesses_leverage_insights,1.0
design_sql_analytics_hadoop_mapreduce_skills_cloud_edition,1.0
data_analytics_users,1.0
parallel_processing_database,1.0
hardware_software_resources,1.0
data_analytics_platforms,1.0
customer_focus,1.0
data_mining,1.0
data_sources,1.0
websites_craigslist_ebay_york_times_mongos_analytics_scale,1.0
form_packages,1.0
data_technologies_google_bigquery_variety_hadoop_flavors_qlikview_bigdata_qlikview_approaches,1.0
bigdataanalytics_data_analysis_computers,1.0
craft_strategy,1.0
proprietary_platform_claim_software,1.0
data_platform,1.0
relationships_data_streams_leverage_businesses_teradatalogox_teradata_teradata,1.0
statistics_dell_bigdata_analytics_dell_bigdata_analytics_kitenga_analytics_suite_boomi_atomsphere_shareplex_connector_hadoop_kitenga_analytics_suite,1.0
cloud_gooddata,1.0
objectives_intels_industrystandard_hardware_disposal,1.0
data_analytics_platform_supports_variety_amdocs,1.0
architectures_features,1.0
resource_management_scaleout_storage_informatica_bigdata_informatica_powercenter,1.0
vmwares_strengths,1.0
redhat_source_approach,1.0
ieee_computer_society_complexity_variety_data_data_types_realtime_data_collection_processing,1.0
training_splunklogo_splunk_splunk,1.0
data_analytics_software_solutions,1.0
software_models,1.0
efficiency_flexibility,1.0
algorithms_muhpc_suite,1.0
types_formats_data,1.0
computing_issues_data_analytics_infrastructure_serviceprovides_set,1.0
data_visualizations_analytics_standards,1.0
cloud_onpremises,1.0
wealth_experience,1.0
data_mining_frameworks_cloud_platforms,1.0
device_variety_content,1.0
data_analytics_approach_users,1.0
data_modeling_security,1.0
netezza_technology_db_blu_acceleration_ibm,1.0
data_analysis_palantir_bigdata_palantir_bigdata_solution_palantir_gotham,1.0
middleware_integration_automation,1.0
data_quality,1.0
teradata_bigdata_analytics_teradata,1.0
emphasis_security,1.0
options_market,1.0
data_analytics_frameworks_data_provenance_annota_tion_mechanisms_provenance,1.0
resources_data_computing_nodes_standard_formats_models,1.0
systems_infrastructureasaservice_iaas,1.0
complex_business_problems_suite,1.0
infrastructure_performance_reliability,1.0
platform_developers_data_ana_lytics,1.0
returns_result,1.0
technologies_talends_source_esb_source_soa_solutions_organizations,1.0
highperformance_data_enrichment,1.0
hadoop_cloudera_mapr_nosql_mongodb,1.0
touse_knowledge_tool_internet_users_access,1.0
performance_features,1.0
analytics_tools_infrastructure_software_flytxt,1.0
bestknown_companies_netflix_ebay_chief_datastax_enterprise,1.0
workflow_design_environment_data,1.0
today_inmemory_computing_capabilities_enterpriselevel_security,1.0
data_companies_nature,1.0
data_package_solution,1.0
data_analyt_ics_programming_tools,1.0
analytics_enterprise,1.0
execution_workflow_tasks_pool,1.0
tens_thousands_nodessgi_uv_solution_industrys,1.0
data_flows,1.0
